dataset,sub_dataset,host_id,bin_width_s,n_bins_total,n_bins_with_events,n_gaps,gap_pct,timing_error_rate,timing_n_errors,timing_n_total,timing_mean_error_s,timing_std_error_s,timing_max_error_s,timing_median_error_s,timing_p25_error_s,timing_p75_error_s,timing_iqr_error_s,avg_events_per_s,std_events_per_s,avg_infoflow_per_s,std_infoflow_per_s,n_active_bins,best_k,best_bic,n_obs_classes,feature_cols,centroids,bin_size_min,idle_frac,timespan_days,n_unique_normalized_cmdlines,saturation_auc_unit
e3,cadets,83C8ED1F-5045-DBCD-B39F-918F0DF4F851,300.0,3163.0,3126.0,37.0,1.1698,5.852352167951867e-06,242.0,41350895.0,0.010041343099173558,0.0006415312558824182,0.020000301,0.0100004705,0.009996977,0.010002979,6.002e-06,44.09,52.86,25.39,26.06,3126.0,3.0,3900.94,13.0,"['READ', 'WRITE']","[[10.2747566   9.55694762]
 [ 9.03605473  6.67861039]
 [ 8.8789187   6.15912743]
 [ 9.55203297  7.98491112]
 [11.70331177  9.34235279]
 [ 9.47451605  5.58448513]
 [ 9.68885047  6.81157346]
 [ 8.78969675  5.57217427]
 [ 9.4912337   7.53692266]
 [ 9.8368502   8.66836303]
 [ 9.13198151  7.10660574]
 [ 9.51259103  6.21638015]]",15.0,0.0,10.98,485,0.767902
e3,clearscope,5957F7A8-2EAB-D99C-459A-408A1F427D29,300.0,3259.0,3016.0,243.0,7.4563,0.04709702223595177,11326833.0,240499982.0,0.0041845034706521865,0.017432223681954986,4.234,0.001,0.001,0.003,0.002,265.8,292.37,242.64,262.54,3016.0,4.0,3184.55,13.0,"['READ', 'WRITE']","[[11.30067829  8.15140166]
 [12.96390434 10.57107966]
 [12.0962747   9.67655885]
 [11.12624023  7.74825794]
 [13.39454829 11.04013499]
 [11.78270497  9.1241131 ]
 [ 8.62595904  5.21889277]
 [12.4160255  10.63901529]
 [12.50087089 10.10678198]
 [11.59689957  8.67830525]
 [12.97125584 12.94255827]
 [12.80676006 11.15147036]]",15.0,0.0,11.31,41,0.63279
e3,fivedirections,47923ED7-29D4-4E65-ABA2-F70A4E74DCCD,300.0,91.0,91.0,0.0,0.0,0.08329074202366563,377753.0,4535354.0,5.7183057235813495,204.60477511179167,26668.056,0.056,0.002,0.835,0.833,166.13,204.51,47.43,59.1,91.0,1.0,179.8,13.0,"['READ', 'WRITE']","[[10.04322264  9.59306223]
 [ 7.70316104  8.78941391]
 [ 8.72686951  8.99265826]
 [10.59574692 10.32728555]
 [10.93914229  8.370316  ]
 [11.49047534  9.99816117]
 [10.48265868 10.01000609]
 [ 9.84978261  9.57181838]
 [10.25572708  9.60028563]
 [ 9.21662061  8.99056614]
 [10.05963624  9.83990857]
 [ 7.53037508  8.76449936]]",15.0,0.0,0.31,122,0.925683
e3,fivedirections,D2842312-8456-4C8E-ADD6-E2295D0939D3,300.0,2468.0,2468.0,0.0,0.0,0.0692275397312991,17766154.0,256634196.0,43.33401032902026,3092.80780179699,735283.247,0.011,0.001,0.534,0.533,346.62,482.92,93.52,108.87,2468.0,3.0,3382.56,13.0,"['READ', 'WRITE']","[[10.17641005  9.58793794]
 [11.32215994 12.09086405]
 [11.14782294  9.77855121]
 [ 9.6208368   9.01611138]
 [10.32284537 10.00613073]
 [12.41791909 10.87566264]
 [ 9.10429827  8.96702367]
 [10.74104264 10.0072807 ]
 [11.73719295 10.32262292]
 [10.42817135  9.62959978]
 [10.239192    9.0676969 ]
 [11.09992747 10.31368302]]",15.0,0.0,8.57,251,0.802612
e3,fivedirections,eb742520-0326-4e78-9768-0cb079cd0f93,,,,,,,,,,,,,,,,,,,,,,,,,,,,,162,0.825907
e3,theia,0A00063C-5254-00F0-0D60-000000000070,300.0,2965.0,1637.0,1328.0,44.7892,2.4197391798406268e-05,2566.0,106044487.0,0.055105031501558904,1.5152933816790015,59.577592219,0.0001355995,3.658975e-05,0.00092075075,0.000884161,215.93,333.06,78.78,218.39,1637.0,4.0,1935.08,13.0,"['READ', 'WRITE']","[[ 9.42337336  8.34788619]
 [ 6.95488673  4.39601328]
 [10.6435449   9.84235968]
 [ 7.48783846  5.77212394]
 [ 5.84503248  2.1006829 ]
 [10.19135505  9.2711857 ]
 [ 8.67614333  7.62685558]
 [ 7.51913299  5.34018362]
 [10.90191152 10.48519939]
 [ 9.68267939  8.90154968]
 [ 3.91202301  0.69314718]
 [ 8.24558862  6.7429963 ]]",15.0,0.0,10.29,494,0.758328
e3,trace,3120B2A9-057E-E4EB-4BB9-154983D2C063,300.0,3072.0,3072.0,0.0,0.0,0.00070966611760044,577250.0,813410681.0,15.517762007795474,1459.9304325113403,266126.989,0.008,0.004,0.024,0.02,882.61,1124.9,756.31,1118.53,3072.0,4.0,2983.81,13.0,"['READ', 'WRITE']","[[10.78301305 11.07854381]
 [ 5.1368019  12.83248745]
 [ 0.06512461  9.77634636]
 [ 7.87862591 12.78883307]
 [11.87504333 11.91990049]
 [ 3.93895995  9.4691944 ]
 [10.96164555 12.89259463]
 [ 8.57119854  9.57480821]
 [ 6.22202012 12.85653869]
 [ 9.81350602 12.11306572]
 [10.57316138  4.33073334]
 [ 4.38207836 12.79921225]]",15.0,0.0,10.66,472,0.827657
e3,trace,E621F964-5A66-0F89-30E0-67ADB2A5EC28,300.0,87.0,87.0,0.0,0.0,0.001954946917859009,42841.0,21914150.0,0.32250955860040353,24.597557515083917,3745.617,0.008,0.004,0.024,0.02,839.62,556.24,479.31,294.37,87.0,1.0,175.55,13.0,"['READ', 'WRITE']","[[12.02085732 12.60312684]
 [ 0.69314718  0.        ]
 [11.02469613 10.93037979]
 [ 9.06117664 12.52446555]
 [11.93068922 11.91247966]
 [11.39269945  9.18389372]
 [ 9.02593665  9.70515856]
 [ 9.721951   12.03791019]
 [10.57108613 12.21562686]
 [11.38436779 11.3112379 ]
 [11.2359723  12.28736227]
 [12.2020561  12.02691542]]",15.0,0.0,0.3,164,0.797956
e5,cadets,3A541941-5B04-11E9-B2DB-D4AE52C1DBD3,300.0,2990.0,2990.0,0.0,0.0,0.0016747619825232321,460845.0,275170445.0,0.8964840396762807,172.3521502280233,74378.61862959,0.410046306,0.040036515,0.810258838,0.770222323,306.77,378.81,167.43,202.16,2990.0,3.0,3180.31,13.0,"['READ', 'WRITE']","[[12.13458545 11.1817543 ]
 [ 9.58419089  8.62868305]
 [10.81417331  9.73267221]
 [11.57832155  6.86697807]
 [ 9.23923573  8.45501368]
 [11.64629508 10.53411836]
 [11.87834963 10.87321721]
 [12.5789239  11.3739786 ]
 [11.78838384  9.68634623]
 [12.0493892  11.98022145]
 [ 9.94344599  8.70687133]
 [11.20749657 10.33318332]]",15.0,0.0,10.38,495,0.849011
e5,cadets,A3702F4C-5A0C-11E9-B8B9-D4AE52C1DBD3,300.0,2990.0,2990.0,0.0,0.0,0.0014586127661439226,495282.0,339556880.0,1.0370797082638916,157.90927086124472,64980.818900819,0.559730032,0.16016490075,0.8600917295,0.69992682875,378.55,391.46,206.74,209.95,2990.0,3.0,3206.42,13.0,"['READ', 'WRITE']","[[ 9.51169161  8.62220559]
 [11.67804612 10.64567434]
 [12.63296763 11.48915562]
 [12.22912238 11.22034112]
 [10.9038797   9.44262403]
 [11.25747415 10.98186397]
 [ 5.91079664  5.12396398]
 [11.98105483 10.92221673]
 [ 9.93604905  8.69363956]
 [11.20107645 10.28281069]
 [ 8.48330074  7.86051242]
 [11.76504296  7.24763095]]",15.0,0.0,10.38,518,0.849534
e5,cadets,CB02303B-654E-11E9-A80C-6C2B597E484C,300.0,2990.0,2990.0,0.0,0.0,0.0007955859154101987,460598.0,578941873.0,0.9407109624206621,131.17416131272853,60430.528224757,0.5499233255,0.160173717,0.869856645,0.709682928,645.42,644.95,466.43,542.42,2990.0,4.0,3837.77,13.0,"['READ', 'WRITE']","[[11.96390169 12.89151442]
 [ 9.73700509  8.57384318]
 [11.4010213  10.46031475]
 [ 8.25487981  7.93140634]
 [12.41187249 12.99681693]
 [11.93360435 11.05857899]
 [12.89733528 11.68618197]
 [12.36312365 13.58701771]
 [ 9.22600812  8.38998497]
 [10.88902503  9.33577689]
 [11.87483001 12.02655701]
 [11.3395094  13.52906901]]",15.0,0.0,10.38,526,0.808744
e5,clearscope,055F80A9-714A-5BFA-259A-E6046D38EA38,300.0,1754.0,1746.0,8.0,0.4561,0.019118102556855462,2395606.0,125305636.0,0.007415431836454445,0.040219166342471906,5.754,0.001,0.001,0.004,0.003,239.22,451.08,156.16,270.94,1746.0,4.0,1072.99,13.0,"['READ', 'WRITE']","[[12.94500716 11.14092978]
 [ 6.43942056  5.59384105]
 [10.3977166   7.93075313]
 [12.08338803 10.77840809]
 [10.40163301  8.47768592]
 [12.39172104 11.25694564]
 [11.3995058   9.53917143]
 [13.02080164 11.67937648]
 [ 6.47810255  5.77314444]
 [ 8.80887564  7.82803771]
 [11.70114285 10.29801132]
 [ 8.02256895  5.83481074]]",15.0,0.0,6.09,79,0.865717
e5,clearscope,54FF20FC-635E-6455-F04F-EA4FA27EBC1E,300.0,3721.0,3694.0,27.0,0.7256,0.019088463040002314,6649317.0,348342189.0,0.14192712334214533,262.3898143458465,647644.488,0.001,0.001,0.004,0.003,314.33,530.19,196.81,302.92,3694.0,8.0,2652.8,13.0,"['READ', 'WRITE']","[[ 7.62528726  4.5362784 ]
 [11.25697622  8.25465355]
 [13.09828149 11.6948391 ]
 [10.54952501  8.23796106]
 [12.10219142 10.69852309]
 [12.94062584 10.86058624]
 [ 7.64396505  4.99509396]
 [11.634733    9.63573097]
 [11.91450207  8.2889218 ]
 [ 8.21645705  6.00268525]
 [12.467856   11.31296504]
 [10.62234808  8.67231034]]",15.0,0.0,12.92,101,0.881848
e5,clearscope,860178F8-0FE9-66CC-8EE2-F6BBD1A59DAB,300.0,3722.0,3521.0,201.0,5.4003,0.01903622018435015,6210212.0,326231360.0,0.3399482665003683,462.0259637846809,745351.182,0.001,0.001,0.004,0.003,308.84,508.62,196.76,309.44,3521.0,4.0,2280.01,13.0,"['READ', 'WRITE']","[[11.82550952 10.3697031 ]
 [ 7.76252204  5.66679227]
 [10.08595091  8.47123457]
 [12.77935693 11.5499124 ]
 [10.28693677  7.66721291]
 [12.18637716 11.03986197]
 [10.58678367  8.03836624]
 [13.83644395 11.6867299 ]
 [11.3345989   9.59611474]
 [ 8.46542613  6.87419366]
 [11.82357237  7.84978644]
 [ 8.07391255  5.65947812]]",15.0,0.0,12.92,105,0.873625
e5,fivedirections,223CBBCE-1BC5-451E-9D2E-5B3A762F31C7,300.0,2984.0,2900.0,84.0,2.815,0.010528904766028737,10165940.0,965526826.0,40.303013216873836,1610.4928673186141,260105.803,0.804,0.015,3.441,3.426,1109.8,722.81,443.03,294.87,2900.0,2.0,4056.33,13.0,"['READ', 'WRITE']","[[12.57507494 10.68208518]
 [11.85817331 10.57485115]
 [13.01027704 11.02583216]
 [11.72545388 10.38171394]
 [12.41595336 11.0000484 ]
 [12.13434303 10.45317355]
 [12.28195316 10.71910578]
 [13.29260389 11.25998747]
 [10.44278401  8.74687532]
 [11.98910309 10.81274383]
 [12.74071459 10.98665799]
 [11.58322999 10.13249286]]",15.0,0.0,10.36,313,0.889674
e5,fivedirections,2AB88DCD-CBE6-41DF-AC69-9F6D6058E398,300.0,2984.0,2923.0,61.0,2.0442,0.01268883475095732,14951506.0,1178319861.0,26.334980639208315,1029.3781279756593,247503.101,2.132,0.214,7.808,7.594,1343.73,951.01,530.89,415.85,2923.0,3.0,4052.92,13.0,"['READ', 'WRITE']","[[11.76741155 10.57190548]
 [13.05403338 11.08601155]
 [12.39117915 10.6493164 ]
 [13.65809123 11.53779181]
 [12.02949848 10.76578122]
 [12.53557576 10.99987517]
 [11.68073451 10.34322079]
 [12.76768272 10.76926457]
 [12.10906816 10.4018508 ]
 [11.04012895 11.11931902]
 [13.38461246 11.24628131]
 [11.52589094 10.09244338]]",15.0,0.0,10.36,314,0.5304
e5,fivedirections,552FFA2E-711A-488F-A65C-52762800923B,300.0,3151.0,2029.0,1122.0,35.6077,0.014838716665424736,11196774.0,754564849.0,26.578962773294002,1016.3917008820388,339330.704,1.64,0.253,7.268,7.015,1239.63,792.63,520.8,360.19,2029.0,2.0,2901.61,13.0,"['READ', 'WRITE']","[[13.16085351 11.1198289 ]
 [11.90483471 10.64169534]
 [12.55794923 10.78085962]
 [12.2349438  10.63195181]
 [13.491616   11.37892113]
 [12.97679745 10.44979175]
 [11.58112247 10.15241448]
 [11.75340941 10.40071036]
 [12.11424879 10.93772942]
 [12.08374674 10.35466883]
 [12.75884069 11.12597807]
 [12.92422023 10.85388631]]",15.0,0.0,10.94,132,0.91249
e5,fivedirections,A8DB8613-F66E-4F0C-A19E-F43513BACC10,300.0,947.0,947.0,0.0,0.0,0.011039935300847884,3422964.0,310052904.0,26.99976123441646,1265.5978057667937,258792.226,0.614,0.017,1.832,1.815,1091.35,819.82,441.62,385.35,947.0,2.0,1440.47,13.0,"['READ', 'WRITE']","[[13.51568035 11.46035792]
 [11.77588986 10.62317961]
 [12.48716528 10.8997899 ]
 [11.60414539 10.23792529]
 [12.15413576 10.88258286]
 [12.92955262 10.9470272 ]
 [12.17369578 10.59764579]
 [11.71332303 10.40853705]
 [13.25409817 11.13731223]
 [12.68863608 10.6660123 ]
 [11.99858018 10.39159719]
 [11.44597016 10.05186018]]",15.0,0.0,3.28,253,0.890636
e5,marple,00000000-0000-0000-0000-000000000000,300.0,2984.0,2984.0,0.0,0.0,0.0020117705797967705,981172.0,487715652.0,3.434814683010274,279.2480665108402,103700.0163718,0.3165137,0.09461225,0.8196023,0.72499005,544.81,457.12,186.31,214.97,2984.0,4.0,4061.79,13.0,"['READ', 'WRITE']","[[9.82423169 9.18897536]
 [9.08340442 6.00058422]
 [8.4207786  8.3698177 ]
 [5.46923019 7.25686767]
 [9.44572189 8.37752161]
 [6.98976751 7.35681642]
 [8.20641231 4.79030579]
 [0.69314718 0.69314718]
 [9.01567596 7.20121659]
 [5.49958202 5.27737   ]
 [9.00562185 9.41992028]
 [8.01320208 6.5112899 ]]",15.0,0.0,10.36,100,0.95
e5,theia,37345038-89F2-5899-8FD2-B6D0844A7DBF,300.0,2985.0,2904.0,81.0,2.7136,0.0002806928819393812,111982.0,398948485.0,0.0028534892145076598,0.004491436435577891,0.457823874,0.001677573,0.000372593,0.00361740975,0.00324481675,457.93,1255.53,399.85,1249.76,2904.0,2.0,3884.8,13.0,"['READ', 'WRITE']","[[13.12553774  9.00706152]
 [11.21433531  9.02756403]
 [12.0685474  11.10606046]
 [ 8.21920777  7.1835753 ]
 [12.9815705   3.8388316 ]
 [13.17712689 10.55147044]
 [ 9.1067666  15.4786198 ]
 [12.94823383  7.20864926]
 [ 8.94551413  3.6452365 ]
 [10.42384035  7.87031036]
 [11.63881786 10.05593264]
 [ 9.49040685  5.69621107]]",15.0,0.0,10.36,850,0.806646
e5,theia,81286EE1-D2EB-53D8-AEAB-DB2728F9FB0F,300.0,2985.0,2435.0,550.0,18.4255,0.00017137744575051366,53817.0,314026153.0,0.14283707848332317,32.66031039511113,7576.77167434,0.001024999,0.000107464,0.002433792,0.002326328,429.88,1319.2,411.94,1314.42,2435.0,1.0,3846.28,13.0,"['READ', 'WRITE']","[[12.44962085  1.58474595]
 [10.79081712  9.05545666]
 [13.31709949  8.83908221]
 [ 9.43575795  5.52467407]
 [13.12895493  5.78628962]
 [11.82280848 10.23438809]
 [13.14088597  3.56573856]
 [10.32109594  7.59350284]
 [ 9.63291152 15.64387869]
 [ 8.71895979  2.67215991]
 [13.53423213 10.36375816]
 [13.126587    7.4923398 ]]",15.0,0.0,10.36,1940,0.721449
e5,theia,C75CAC93-0BE3-5D8A-9540-A1F43574DE25,300.0,2985.0,2872.0,113.0,3.7856,0.0001770707085593327,75779.0,427958981.0,3.726428909402548,1025.1238681552616,282197.816889604,0.001307425,0.0002066575,0.003111667,0.0029050095,496.7,1350.05,435.35,1342.32,2872.0,2.0,3855.86,13.0,"['READ', 'WRITE']","[[12.47604329 11.01421431]
 [12.97462119  5.76362738]
 [ 8.34591489  5.64782052]
 [10.91183592  9.13581639]
 [13.08073596  8.05849406]
 [11.87895869  9.87913163]
 [12.91022742  0.5364793 ]
 [ 8.5164348   3.02855547]
 [10.08010576  7.58592064]
 [13.27846236  9.69740858]
 [ 9.67304993 15.85959463]
 [12.92660079  3.75701278]]",15.0,0.0,10.36,1000,0.696991
e5,trace,7A665024-F3E3-3D4E-3A98-D9651E351DE4,300.0,2981.0,2981.0,0.0,0.0,0.0009672772379591861,36062.0,37281969.0,0.520026121679332,10.448808303079646,824.599,0.004,0.004,0.008,0.004,1714.32,741.2,1344.96,688.51,2981.0,2.0,3614.96,13.0,"['READ', 'WRITE']","[[12.86293185 11.98271105]
 [13.89665395 13.03965256]
 [11.74659964 11.01359518]
 [12.17104785 11.77617838]
 [13.45331609 12.48493739]
 [13.15337931 12.23606861]
 [12.23645238 11.3731249 ]
 [12.41014921 12.07743634]
 [13.78316468 12.84554462]
 [12.62798565 11.65709228]
 [11.87689218 11.46217026]
 [12.77997582 12.43161517]]",15.0,0.0,10.35,773,0.797379
e5,trace,952CC6C6-39F9-AE40-7052-38052B1E5D21,300.0,2981.0,2981.0,0.0,0.0,0.0005740712581892936,23494.0,40925233.0,0.6818242955648222,11.167036949518813,506.233,0.004,0.004,0.008,0.004,1717.81,966.83,1382.15,927.18,2981.0,2.0,3572.44,13.0,"['READ', 'WRITE']","[[14.11600167 13.25553192]
 [11.38695421 10.70559988]
 [12.21719321 11.30084593]
 [12.6128766  11.78612838]
 [11.23640126 10.29514912]
 [13.97304304 13.02687908]
 [12.10418902 10.88948486]
 [11.8272552  10.53554091]
 [13.53138116 12.63469409]
 [13.10140542 12.18377021]
 [13.00332338 11.64808547]
 [12.65486079 11.23330444]]",15.0,0.0,10.35,520,0.91921
e5,trace,DF4AF963-C31C-DAFC-B5C6-D86F33322775,300.0,2981.0,2981.0,0.0,0.0,0.0007358492933916403,32249.0,43825550.0,0.5582146423144893,15.337360305343232,2252.068,0.004,0.004,0.008,0.004,1784.91,793.35,1414.26,747.53,2981.0,2.0,3609.18,13.0,"['READ', 'WRITE']","[[12.88413943 12.28144573]
 [13.8597338  12.92156266]
 [11.93284141 11.41819089]
 [11.67269097 10.87186092]
 [12.93839511 11.84059128]
 [13.31272736 12.33694024]
 [13.97238032 13.11245451]
 [12.50379165 12.04325307]
 [12.17758249 11.80071308]
 [12.18373859 11.17247117]
 [12.48260402 11.61921979]
 [13.56266645 12.66764774]]",15.0,0.0,10.35,857,0.748476
optc,aia_51_75,SysClient0051.systemia.com,300.0,2535.0,2161.0,374.0,14.7535,0.16477160424070741,5450326.0,33078066.0,2.0661188519732567,26.32448799220136,5324.947,0.513,0.017,2.3,2.283,51.02,24.61,42.03,20.25,2161.0,3.0,2732.9,13.0,"['READ', 'WRITE']","[[6.08181164 6.97687345]
 [7.40756344 7.28776585]
 [8.17132667 7.55899388]
 [6.39358583 6.98517706]
 [5.44673737 3.09104245]
 [7.05437758 7.11539696]
 [9.51259959 7.77427195]
 [7.77903785 7.40078712]
 [6.6583487  7.11555989]
 [4.78804699 5.04014696]
 [8.59408217 7.75567492]
 [6.19279514 5.69737493]]",15.0,0.0,8.8,215,0.756391
optc,aia_51_75,SysClient0052.systemia.com,300.0,2535.0,2186.0,349.0,13.7673,0.16163174560928717,5137739.0,31786695.0,1.9483599215530107,18.069137576288764,5332.55,0.543,0.019,2.358,2.339,48.47,25.49,40.03,20.0,2186.0,2.0,1993.21,13.0,"['READ', 'WRITE']","[[6.03498236 6.92585145]
 [8.54501784 7.69045912]
 [7.1117004  7.09946274]
 [6.65878129 7.02514507]
 [3.99118678 4.8555617 ]
 [7.99961025 7.46326147]
 [8.90041766 7.87917809]
 [6.38687932 4.33073334]
 [4.97983824 6.05865704]
 [6.31421551 6.97711653]
 [7.4951748  7.23336432]
 [6.32243389 7.77754038]]",15.0,0.0,8.8,186,0.858808
optc,aia_51_75,SysClient0053.systemia.com,300.0,2535.0,2186.0,349.0,13.7673,0.16124451774800805,5140021.0,31877183.0,2.1919436484789805,57.61959867683934,48179.588,0.542,0.018,2.417,2.399,48.61,23.49,40.89,20.19,2186.0,2.0,2967.57,13.0,"['READ', 'WRITE']","[[7.28806809 7.1745764 ]
 [6.37536656 7.00310028]
 [7.9377398  7.42932792]
 [6.09601617 6.97140886]
 [4.36530968 4.94058584]
 [8.70143411 7.80217007]
 [6.9364265  7.11887543]
 [6.59554892 7.11730382]
 [8.3048826  7.62043689]
 [7.23865122 7.53908521]
 [7.64055707 7.27392979]
 [5.46654961 6.10999136]]",15.0,0.0,8.8,175,0.8631
optc,aia_51_75,SysClient0054.systemia.com,300.0,2535.0,2185.0,350.0,13.8067,0.16161972126066293,5226428.0,32337811.0,2.093532453139818,45.49509065269683,48173.257,0.574,0.019,2.47,2.451,49.33,24.23,41.51,20.77,2185.0,3.0,2902.79,13.0,"['READ', 'WRITE']","[[6.50243881 7.20903864]
 [7.69930498 7.30688508]
 [6.09503772 6.9747768 ]
 [8.1508946  7.58352102]
 [3.4657359  4.4308168 ]
 [7.26636419 7.31562587]
 [6.38097019 6.98967079]
 [6.93190826 7.171475  ]
 [4.2996766  5.26606923]
 [6.6951299  7.09093023]
 [5.75822506 6.3435821 ]
 [8.6475525  7.79269536]]",15.0,0.0,8.8,182,0.852354
optc,aia_51_75,SysClient0055.systemia.com,300.0,2535.0,2186.0,349.0,13.7673,0.16067917231176354,5114178.0,31828506.0,2.2827823951377053,51.78497201803668,25185.125,0.547,0.018,2.413,2.395,48.53,23.33,40.79,20.21,2186.0,3.0,2915.69,13.0,"['READ', 'WRITE']","[[6.06575151 6.94579323]
 [7.80114148 7.42615795]
 [6.60584685 7.10596186]
 [8.2041428  7.50198158]
 [4.33258294 5.08988501]
 [6.38968094 6.99254294]
 [7.10506193 7.21111142]
 [8.60825715 7.77478665]
 [6.18544461 7.07336849]
 [5.75403725 6.32755624]
 [7.39096109 7.29188749]
 [6.84044471 7.17868135]]",15.0,0.0,8.8,182,0.85277
optc,aia_51_75,SysClient0056.systemia.com,300.0,2535.0,2185.0,350.0,13.8067,0.15987349499230485,5062772.0,31667363.0,2.002832580847154,21.21416098058155,25126.292,0.547,0.018,2.506,2.488,48.31,23.6,40.72,20.29,2185.0,3.0,2994.9,13.0,"['READ', 'WRITE']","[[6.37520797 6.98739455]
 [7.42907783 7.22079774]
 [8.65242689 7.78365775]
 [6.93444084 7.18751384]
 [5.03462192 5.29082521]
 [8.31772459 7.64342331]
 [6.11212456 6.99398307]
 [6.52450196 7.08787864]
 [6.73239568 7.0616522 ]
 [7.78550289 7.39533989]
 [7.16219057 7.39380789]
 [6.06212762 6.42896235]]",15.0,0.0,8.8,179,0.848152
optc,aia_51_75,SysClient0057.systemia.com,300.0,2535.0,2186.0,349.0,13.7673,0.16150685333826,5147226.0,31870016.0,2.0553455688559277,28.89453397857714,48133.772,0.547,0.018,2.441,2.423,48.6,23.64,40.78,20.32,2186.0,3.0,2978.64,13.0,"['READ', 'WRITE']","[[6.93562077 7.42403718]
 [6.0576854  6.9504862 ]
 [8.34097299 7.61423852]
 [4.85551066 5.38122577]
 [6.53357805 7.09128584]
 [7.58818043 7.29876686]
 [8.76853177 7.79407657]
 [6.33313427 7.00537533]
 [2.83321334 3.36729583]
 [6.80078631 7.11617206]
 [7.90474528 7.45333095]
 [7.13413151 7.20866963]]",15.0,0.0,8.8,182,0.826616
optc,aia_51_75,SysClient0058.systemia.com,300.0,2535.0,2185.0,350.0,13.8067,0.15867371272822267,5060820.0,31894508.0,2.122583979869111,41.48925925143998,48179.164,0.586,0.018,2.494,2.476,48.66,23.86,40.8,20.44,2185.0,3.0,2913.47,13.0,"['READ', 'WRITE']","[[6.23483931 7.11654628]
 [8.36494182 7.6226831 ]
 [6.61926551 7.10955527]
 [4.68412126 5.12121173]
 [7.17260367 7.22595346]
 [8.77411863 7.88916025]
 [6.39963345 6.9865958 ]
 [7.84325248 7.37720933]
 [6.88781163 7.14663204]
 [5.80635732 6.43139624]
 [6.07721278 6.96308038]
 [7.46055686 7.37749823]]",15.0,0.0,8.8,183,0.878135
optc,aia_51_75,SysClient0059.systemia.com,300.0,2535.0,2185.0,350.0,13.8067,0.16054463936911556,5093419.0,31725874.0,2.1361122693813495,25.158536159238782,5555.947,0.559,0.018,2.47,2.452,48.4,23.16,40.68,20.05,2185.0,3.0,2842.92,13.0,"['READ', 'WRITE']","[[6.0955047  6.96820832]
 [7.85125901 7.43311794]
 [2.94443898 3.71357207]
 [6.76967803 7.15264742]
 [7.05571127 7.26074762]
 [8.66725409 7.76678814]
 [6.36742062 6.99525163]
 [4.37967737 5.3638315 ]
 [7.45589293 7.29799842]
 [5.83173671 6.29874668]
 [6.54646027 7.08177704]
 [8.29914592 7.52058991]]",15.0,0.0,8.8,184,0.848234
optc,aia_51_75,SysClient0060.systemia.com,300.0,2535.0,2188.0,347.0,13.6884,0.16064168975779444,5109754.0,31808393.0,2.2136586651723937,40.24024563827362,48048.993,0.552,0.018,2.465,2.447,48.46,24.05,40.64,20.45,2188.0,3.0,2951.62,13.0,"['READ', 'WRITE']","[[6.3906827  6.99293329]
 [8.31400686 7.61386273]
 [6.88775547 7.22969744]
 [4.57151346 5.11496825]
 [7.80434788 7.32863149]
 [6.60492294 7.09375303]
 [6.23196385 7.10801371]
 [7.19194835 7.17997984]
 [8.73213774 7.8054407 ]
 [5.60337228 6.16281181]
 [6.06627232 6.95900222]
 [7.45561347 7.43140614]]",15.0,0.0,8.8,189,0.882885
optc,aia_51_75,SysClient0061.systemia.com,300.0,2535.0,2186.0,349.0,13.7673,0.15874721323042823,5035457.0,31719971.0,2.2624933063672827,33.257759745024906,47906.617,0.585,0.019,2.522,2.503,48.37,23.53,40.61,20.16,2186.0,3.0,2976.9,13.0,"['READ', 'WRITE']","[[6.3948425  6.94633273]
 [8.19561859 7.53663044]
 [6.60235445 7.0853511 ]
 [7.33561648 7.21349808]
 [6.08414392 6.97569001]
 [4.44118337 4.92829696]
 [6.8295879  7.13107674]
 [8.62474448 7.7167544 ]
 [7.73065626 7.38963602]
 [6.35719119 7.10726531]
 [7.04696644 7.31776859]
 [5.6697032  6.39672284]]",15.0,0.0,8.8,173,0.87034
optc,aia_51_75,SysClient0062.systemia.com,300.0,2535.0,2185.0,350.0,13.8067,0.1606833061916315,5100714.0,31743895.0,2.196125519486095,28.686856312955822,5546.214,0.548,0.018,2.469,2.451,48.43,23.15,40.76,19.95,2185.0,3.0,3033.87,13.0,"['READ', 'WRITE']","[[6.97327226 7.07751474]
 [8.38122044 7.68319226]
 [6.08724914 6.99397128]
 [7.73563413 7.37834164]
 [6.44624911 7.11582196]
 [4.74522944 5.01908596]
 [7.31024171 7.25712926]
 [6.37611297 6.9595932 ]
 [5.52205686 6.43589671]
 [6.67782669 7.06815794]
 [6.92095455 7.28219926]
 [8.93072178 7.86072895]]",15.0,0.0,8.8,182,0.864236
optc,aia_51_75,SysClient0063.systemia.com,300.0,2535.0,2153.0,382.0,15.069,0.1595174650960068,5023197.0,31489950.0,1.97094909895034,30.979489488923782,48184.286,0.57,0.019,2.498,2.479,48.75,22.85,41.0,19.74,2153.0,3.0,2978.88,13.0,"['READ', 'WRITE']","[[6.32697424 7.10442507]
 [7.47023409 7.20829765]
 [8.51120102 7.73983578]
 [6.89318709 7.11917136]
 [4.52766104 5.15738675]
 [6.10056107 6.95352252]
 [8.15151212 7.46696613]
 [6.59289932 7.10678119]
 [7.65918992 7.46816357]
 [6.40018392 6.94693527]
 [5.74571845 6.3033798 ]
 [7.12136554 7.31872436]]",15.0,0.0,8.8,180,0.849471
optc,aia_51_75,SysClient0064.systemia.com,300.0,2535.0,2186.0,349.0,13.7673,0.16000849513189663,5075741.0,31721697.0,2.220088747436022,42.300594880387195,48179.45,0.548,0.018,2.442,2.424,48.37,23.22,40.65,20.12,2186.0,3.0,2905.26,13.0,"['READ', 'WRITE']","[[7.08247356 7.32834072]
 [6.17636624 7.1015436 ]
 [8.30619325 7.60023979]
 [4.33300664 4.94915242]
 [6.6410804  7.11591597]
 [7.79461381 7.44166784]
 [6.06341753 6.94190445]
 [6.41101713 6.99884753]
 [8.6514865  7.79872165]
 [5.24575305 5.75874673]
 [7.4393073  7.33355453]
 [6.91037997 7.14500861]]",15.0,0.0,8.8,180,0.864593
optc,aia_51_75,SysClient0065.systemia.com,300.0,2535.0,2185.0,350.0,13.8067,0.16650426070079843,5974898.0,35884355.0,1.984279422343305,32.15008453559786,48178.868,0.554,0.022,2.336,2.314,54.74,28.05,44.7,22.22,2185.0,3.0,3050.65,13.0,"['READ', 'WRITE']","[[6.09836821 6.91598019]
 [8.33304569 7.66282757]
 [6.85896651 7.1537812 ]
 [7.42064393 7.29679101]
 [4.41825509 5.13970183]
 [6.38453456 6.98546146]
 [6.58108658 7.10120911]
 [8.73408393 7.89532854]
 [8.04578295 7.78539952]
 [7.57659001 7.60886441]
 [7.90963101 7.45550515]
 [7.09405389 7.32491093]]",15.0,0.0,8.8,186,0.861536
optc,aia_51_75,SysClient0066.systemia.com,300.0,2535.0,2150.0,385.0,15.1874,0.16115606708099822,5304041.0,32912450.0,1.997186497050139,7.620924843592109,1260.371,0.568,0.02,2.421,2.401,51.03,26.23,42.3,21.27,2150.0,3.0,2335.86,13.0,"['READ', 'WRITE']","[[6.38587867 6.96450179]
 [7.97768882 7.63051262]
 [7.74213837 7.3108116 ]
 [4.97585756 5.53594386]
 [6.91186544 7.28936477]
 [6.08146869 6.91010614]
 [6.67071987 7.0273826 ]
 [7.09595022 7.04386817]
 [8.44495002 7.74238012]
 [7.38493952 7.43091629]
 [2.99573227 4.33073334]
 [8.97651688 7.91900235]]",15.0,0.0,8.8,182,0.836356
optc,aia_51_75,SysClient0067.systemia.com,300.0,2535.0,2184.0,351.0,13.8462,0.1684877218224431,6130371.0,36384675.0,1.8927383430790383,14.456090273161283,5357.861,0.544,0.022,2.297,2.275,55.53,28.03,45.23,22.53,2184.0,3.0,2828.41,13.0,"['READ', 'WRITE']","[[6.37825422 6.97633282]
 [8.01211259 7.62209594]
 [7.05699678 7.23769751]
 [4.52203976 5.31867103]
 [8.74482087 7.86621407]
 [7.66353502 7.51055328]
 [6.62378925 7.12382651]
 [6.08825138 6.93464504]
 [8.32354196 7.69781894]
 [3.29583687 3.93182563]
 [6.3952616  4.57471098]
 [7.38821506 7.37294907]]",15.0,0.0,8.8,180,0.867534
optc,aia_51_75,SysClient0068.systemia.com,300.0,2535.0,2185.0,350.0,13.8067,0.16960381849431164,6186389.0,36475529.0,1.951666268480448,28.28189196524422,47936.8,0.535,0.022,2.288,2.266,55.65,28.2,45.27,22.29,2185.0,3.0,2935.8,13.0,"['READ', 'WRITE']","[[8.87362863 7.92626808]
 [6.58875843 7.11381181]
 [7.29403704 7.34146489]
 [2.78797455 3.43658192]
 [7.65207301 7.53741314]
 [6.08546302 6.96004414]
 [8.06698166 7.52258004]
 [4.35266557 5.34437901]
 [6.91457668 7.22408534]
 [6.36119749 6.97539398]
 [8.15527177 7.81260655]
 [8.47271846 7.67693799]]",15.0,0.0,8.8,181,0.861268
optc,aia_51_75,SysClient0069.systemia.com,300.0,2535.0,2183.0,352.0,13.8856,0.16269092745494437,5524284.0,33955698.0,2.1937453360472965,36.92427039604268,48174.446,0.571,0.02,2.428,2.408,51.85,27.58,42.7,21.97,2183.0,3.0,2363.9,13.0,"['READ', 'WRITE']","[[6.09114231 6.93988279]
 [7.37289436 7.48427893]
 [6.61489338 7.04504031]
 [7.98687514 7.63987149]
 [3.09000833 3.71327454]
 [8.83462276 7.89448297]
 [6.95610993 7.1713348 ]
 [3.97055601 4.90140379]
 [7.65828616 7.36162367]
 [6.37978812 6.97965926]
 [5.58131506 5.82343089]
 [8.43444513 7.73168785]]",15.0,0.0,8.8,185,0.863794
optc,aia_51_75,SysClient0070.systemia.com,300.0,2535.0,2185.0,350.0,13.8067,0.16942163373638144,6146553.0,36279623.0,2.0324687014006777,32.509433334559226,48181.325,0.555,0.022,2.344,2.322,55.35,27.92,45.11,22.38,2185.0,3.0,2885.21,13.0,"['READ', 'WRITE']","[[6.39689765 6.99944235]
 [8.44071184 7.78809519]
 [7.45269972 7.56214113]
 [4.45373043 5.05696744]
 [8.87860226 7.94816045]
 [7.05072059 7.30082004]
 [6.10660519 6.93650565]
 [2.19722458 2.39789527]
 [7.83689337 7.56802727]
 [6.66278452 7.15123584]
 [8.14941063 7.69829709]
 [7.42460063 7.26682253]]",15.0,0.0,8.8,185,0.856809
optc,aia_51_75,SysClient0071.systemia.com,300.0,2535.0,2184.0,351.0,13.8462,0.16985522506472253,6182205.0,36396908.0,2.265023239604762,35.01106084642163,5560.122,0.549,0.022,2.275,2.253,55.55,28.61,45.34,22.72,2184.0,3.0,2884.9,13.0,"['READ', 'WRITE']","[[7.00175099 7.19745254]
 [8.52724105 7.84447534]
 [6.11949272 6.95130144]
 [7.89103207 7.64040634]
 [4.55332397 5.20129187]
 [7.34609307 7.45881826]
 [7.71134453 7.29850239]
 [6.64666892 7.10335881]
 [5.696071   6.24133226]
 [8.22965654 7.62644307]
 [8.95289062 7.88538301]
 [6.39328459 6.98751824]]",15.0,0.0,8.8,175,0.83364
optc,aia_51_75,SysClient0072.systemia.com,300.0,2535.0,2185.0,350.0,13.8067,0.16900344767526163,6116854.0,36193664.0,2.0364104878094054,41.72506482562943,48169.907,0.555,0.022,2.329,2.307,55.22,27.43,45.08,22.0,2185.0,3.0,3071.03,13.0,"['READ', 'WRITE']","[[6.58670452 7.10137915]
 [8.22631199 7.61126144]
 [6.08779508 6.93788245]
 [7.50719693 7.39326607]
 [7.86031389 7.68960938]
 [6.86152691 7.14636068]
 [4.40963973 5.10698767]
 [8.56007148 7.77503244]
 [6.37259591 6.97119105]
 [7.85769136 7.42348917]
 [7.16111177 7.32358267]
 [8.9060527  7.94563901]]",15.0,0.0,8.8,183,0.865311
optc,aia_51_75,SysClient0073.systemia.com,300.0,2535.0,2184.0,351.0,13.8462,0.17084145981981028,6200761.0,36295411.0,2.0000432242106636,22.694700741127587,5336.849,0.525,0.02,2.274,2.254,55.4,27.59,45.21,22.18,2184.0,3.0,2907.15,13.0,"['READ', 'WRITE']","[[6.58259135 7.10645934]
 [8.17812801 7.6715668 ]
 [7.18600001 7.36965079]
 [1.94591015 2.39789527]
 [4.60752599 5.23252271]
 [8.84423971 7.95842695]
 [6.94275665 7.16756201]
 [6.35817829 6.9872656 ]
 [8.51466036 7.78624424]
 [6.06438446 6.91722836]
 [7.52770629 7.45682599]
 [7.85534393 7.56889848]]",15.0,0.0,8.8,182,0.826994
optc,aia_51_75,SysClient0074.systemia.com,300.0,2535.0,2152.0,383.0,15.1085,0.1614426482143152,5396391.0,33426056.0,1.8660711814619104,21.388836881678976,47911.136,0.551,0.02,2.381,2.361,51.78,26.93,42.63,21.62,2152.0,3.0,2435.6,13.0,"['READ', 'WRITE']","[[6.60053924 7.02586551]
 [7.59934933 7.58899069]
 [7.73213277 7.28743591]
 [6.08971433 6.9208408 ]
 [8.5626689  7.78514607]
 [4.57691223 5.12545506]
 [7.14221641 7.41861739]
 [7.16587803 7.04190024]
 [8.99486482 7.96170172]
 [6.38068698 6.95218832]
 [8.13235136 7.64556321]
 [6.86937172 7.10376984]]",15.0,0.0,8.8,180,0.84588
optc,aia_51_75,SysClient0075.systemia.com,300.0,2535.0,2178.0,357.0,14.0828,0.16747162370012428,6075002.0,36274814.0,2.448928603480215,31.910742580880257,47910.352,0.567,0.023,2.346,2.323,55.52,27.57,45.19,22.18,2178.0,3.0,2856.91,13.0,"['READ', 'WRITE']","[[6.95891223 7.22358195]
 [7.93243695 7.63758669]
 [6.36337225 6.97267246]
 [8.33930031 7.69060199]
 [3.93462573 4.83337885]
 [7.5981306  7.42460738]
 [6.08093582 6.93906102]
 [7.26914691 7.40105121]
 [8.79772984 7.87678407]
 [6.58644772 7.09757699]
 [5.58349631 4.99721227]
 [2.19722458 3.8501476 ]]",15.0,0.0,8.8,174,0.840642
optc,aia_201_225,SysClient0201.systemia.com,300.0,2533.0,2424.0,109.0,4.3032,0.16342685155448466,6898747.0,42213057.0,2.016414211160281,26.8041794451022,24085.129,0.404,0.013,2.196,2.183,58.05,37.13,44.22,21.82,2424.0,3.0,3315.14,13.0,"['READ', 'WRITE']","[[8.71478255 7.64823798]
 [6.69804997 7.10800253]
 [6.11129715 6.94896665]
 [7.67492737 7.33508161]
 [4.55893335 5.40852055]
 [7.29725061 7.33742885]
 [6.41447677 6.98610958]
 [7.99145072 7.40192213]
 [7.02289949 7.14675634]
 [9.27171755 7.73581487]
 [8.34035371 7.50668602]
 [5.7884467  6.0593861 ]]",15.0,0.0,8.79,208,0.921106
optc,aia_201_225,SysClient0202.systemia.com,300.0,2532.0,2393.0,139.0,5.4897,0.16664287659489743,7234712.0,43414469.0,1.9479889988711017,11.310889174901565,23719.161,0.45,0.017,2.165,2.148,60.47,34.59,45.47,21.64,2393.0,4.0,3387.38,13.0,"['READ', 'WRITE']","[[6.10840574 6.94643879]
 [8.65482556 7.88381714]
 [7.54515686 7.36402455]
 [8.00776696 7.49382875]
 [6.40336907 6.98141693]
 [7.11522308 7.34266747]
 [6.67369551 7.10597363]
 [9.13409348 7.9666187 ]
 [8.40828644 7.62746309]
 [5.11415141 5.68133189]
 [8.79600422 7.6918927 ]
 [7.10978385 7.02390402]]",15.0,0.0,8.79,208,0.940262
optc,aia_201_225,SysClient0203.systemia.com,300.0,2533.0,2391.0,142.0,5.606,0.16746783263061968,6067483.0,36230737.0,2.0317966537360364,24.690356575052963,23865.361,0.513,0.018,2.411,2.393,50.51,24.07,41.82,19.79,2391.0,4.0,3273.09,13.0,"['READ', 'WRITE']","[[8.93264611 7.734666  ]
 [6.63342806 7.11301403]
 [7.63596292 7.30381816]
 [6.12746425 6.99813248]
 [6.90095048 7.18948342]
 [8.05501281 7.45737129]
 [4.47630269 5.3818896 ]
 [6.42085737 6.97328384]
 [5.86495683 6.15394079]
 [8.44373704 7.61545952]
 [7.28582828 7.27042725]
 [6.32520079 7.10728737]]",15.0,0.0,8.79,198,0.936182
optc,aia_201_225,SysClient0204.systemia.com,300.0,2533.0,2390.0,143.0,5.6455,0.17047517635203785,6144648.0,36044239.0,2.046671445622462,42.47583592890856,23946.522,0.472,0.016,2.333,2.317,50.27,23.59,41.62,19.43,2390.0,3.0,3223.28,13.0,"['READ', 'WRITE']","[[6.52388148 7.11054138]
 [8.77093557 7.72508439]
 [7.47574398 7.29553211]
 [7.9003465  7.4020423 ]
 [6.37160081 6.98704671]
 [7.05348457 7.18363227]
 [6.09576508 6.99547398]
 [6.37304161 5.60440115]
 [8.3648705  7.56594577]
 [6.76607012 7.09658554]
 [5.73675016 6.32629509]
 [4.33073334 5.0689042 ]]",15.0,0.0,8.79,198,0.934848
optc,aia_201_225,SysClient0205.systemia.com,300.0,2533.0,2426.0,107.0,4.2242,0.1647130885595487,5878312.0,35688190.0,2.3646072653171597,32.426152783576164,23631.725,0.529,0.017,2.437,2.42,49.04,24.22,40.97,20.18,2426.0,4.0,3233.65,13.0,"['READ', 'WRITE']","[[6.85599183 7.10423779]
 [6.40330034 6.98004342]
 [8.35656375 7.57634194]
 [7.47831058 7.29882063]
 [6.03552768 6.92328605]
 [7.08992304 7.26568637]
 [5.70448427 5.89553215]
 [6.58972466 7.11169698]
 [4.19739977 5.24396766]
 [8.96506438 7.72700169]
 [6.15104332 7.04987588]
 [7.892747   7.38893849]]",15.0,0.0,8.79,197,0.92708
optc,aia_201_225,SysClient0206.systemia.com,300.0,2533.0,2264.0,269.0,10.6198,0.1702122308571592,5617406.0,33002364.0,2.225289956431913,27.876940467957215,23999.856,0.482,0.016,2.308,2.292,48.59,23.38,40.83,19.83,2264.0,3.0,3054.1,13.0,"['READ', 'WRITE']","[[7.09993163 7.24531503]
 [6.402069   6.97537463]
 [8.85005383 7.72088753]
 [6.80361768 7.15156606]
 [7.82844572 7.38259195]
 [6.08334258 6.95702535]
 [6.54517622 7.10678928]
 [5.8431591  6.09628452]
 [7.43739216 7.27460672]
 [8.37255841 7.60400957]
 [6.2650832  7.15433838]
 [4.56564858 5.4026368 ]]",15.0,0.0,8.79,183,0.893912
optc,aia_201_225,SysClient0207.systemia.com,300.0,2533.0,2231.0,302.0,11.9226,0.16816972482660925,5527177.0,32866659.0,1.9045496529240535,13.316869160470768,23975.903,0.483,0.016,2.388,2.372,49.11,23.46,41.22,19.76,2231.0,3.0,2935.14,13.0,"['READ', 'WRITE']","[[6.08616674 6.99529339]
 [7.80410659 7.32321705]
 [6.7553858  7.1371628 ]
 [8.29162708 7.56060922]
 [6.51838132 7.08579871]
 [7.03725788 7.20219335]
 [5.36593098 5.96752876]
 [8.77673859 7.75340193]
 [7.40892416 7.27706999]
 [6.10168625 6.25425103]
 [4.40671925 5.16478597]
 [6.36923371 6.98654562]]",15.0,0.0,8.79,182,0.864205
optc,aia_201_225,SysClient0208.systemia.com,300.0,2533.0,2130.0,403.0,15.91,0.16502122319703508,5040048.0,30541817.0,2.2025578706792173,22.465696197716184,23029.736,0.511,0.017,2.466,2.449,47.8,23.91,40.48,20.27,2130.0,3.0,2587.11,13.0,"['READ', 'WRITE']","[[7.20170895 7.34147058]
 [6.06175116 6.97951733]
 [8.23466663 7.56098486]
 [1.79175947 2.48490665]
 [6.53464459 7.07253002]
 [8.72685513 7.73597771]
 [5.14798098 6.17395468]
 [7.6455593  7.32905772]
 [4.38202663 5.12396398]
 [6.82773756 7.16549774]
 [6.17009639 5.9024487 ]
 [6.34025417 7.00778714]]",15.0,0.0,8.79,192,0.913667
optc,aia_201_225,SysClient0209.systemia.com,300.0,2532.0,2229.0,303.0,11.9668,0.16355537187626673,5327601.0,32573684.0,2.036811978599701,12.890903192820952,23631.291,0.529,0.018,2.424,2.406,48.71,22.07,40.89,19.04,2229.0,3.0,3028.18,13.0,"['READ', 'WRITE']","[[6.42694815 7.00022574]
 [7.88830306 7.36268948]
 [6.63016715 7.09847817]
 [6.04134572 6.95679837]
 [7.50118626 7.28623158]
 [4.07015777 5.0217117 ]
 [8.8933033  7.6835792 ]
 [8.43298766 7.65890254]
 [5.51809529 5.97646318]
 [7.20572368 7.23656497]
 [6.21608286 7.06996454]
 [6.90429332 7.18824097]]",15.0,0.0,8.79,184,0.857725
optc,aia_201_225,SysClient0210.systemia.com,300.0,2533.0,2393.0,140.0,5.527,0.16995493778850776,6148514.0,36177319.0,1.9012267629218085,13.19950340406302,23936.764,0.483,0.016,2.361,2.345,50.39,24.08,41.78,19.88,2393.0,3.0,3170.9,13.0,"['READ', 'WRITE']","[[6.09004528 6.99472418]
 [7.74669538 7.36964446]
 [6.81023603 7.14247323]
 [8.49487055 7.62841859]
 [6.3770747  6.99715846]
 [5.69281547 6.0396504 ]
 [8.12352749 7.50210713]
 [4.38202663 5.14749448]
 [8.98687418 7.77881009]
 [7.455705   7.29207866]
 [7.06651632 7.22728556]
 [6.57451548 7.10418163]]",15.0,0.0,8.79,185,0.947782
optc,aia_201_225,SysClient0211.systemia.com,300.0,2533.0,2234.0,299.0,11.8042,0.16755021078494042,5481978.0,32718419.0,1.895328491285299,13.845052242177198,24057.898,0.485,0.016,2.361,2.345,48.82,22.69,40.97,19.25,2234.0,3.0,3064.94,13.0,"['READ', 'WRITE']","[[6.38764383 6.96692194]
 [7.95189802 7.42777349]
 [6.95705146 7.16940161]
 [8.43362529 7.59084217]
 [6.49160904 7.09881579]
 [4.49409816 5.38866498]
 [7.55220627 7.2916393 ]
 [6.70785867 7.10848589]
 [6.09663327 6.99187122]
 [9.02470294 7.81588279]
 [7.18164862 7.29818726]
 [5.92338058 6.2508516 ]]",15.0,0.0,8.79,179,0.873577
optc,aia_201_225,SysClient0212.systemia.com,300.0,2533.0,2262.0,271.0,10.6988,0.16570831620922014,5524703.0,33339926.0,2.1338251685204646,28.00066615094855,23902.116,0.519,0.017,2.448,2.431,49.13,23.48,41.23,19.93,2262.0,3.0,3009.21,13.0,"['READ', 'WRITE']","[[6.18801408 7.10779101]
 [8.15762891 7.49028439]
 [7.11338707 7.25449588]
 [6.53053457 7.09769125]
 [7.58303505 7.28590879]
 [6.16057486 6.06527173]
 [6.78551973 7.16436793]
 [8.67994328 7.75972388]
 [6.06263583 6.96014512]
 [4.46446334 5.42169822]
 [6.37783687 6.97342899]
 [8.69692955 6.70983945]]",15.0,0.0,8.79,184,0.881849
optc,aia_201_225,SysClient0213.systemia.com,300.0,2533.0,1787.0,746.0,29.4512,0.15857282130285502,4211749.0,26560346.0,2.2952661165230333,33.37758466498807,59133.896,0.57,0.018,2.51,2.492,49.54,26.06,40.99,21.47,1787.0,3.0,2258.8,13.0,"['READ', 'WRITE']","[[8.50888373 7.62810258]
 [6.38522806 6.96880391]
 [7.10135228 7.23216221]
 [6.07325397 6.94904664]
 [5.65601497 6.05442099]
 [7.74500247 7.40725482]
 [6.57637773 7.05969798]
 [4.67609355 5.5150034 ]
 [6.80420976 7.14765499]
 [9.03316893 7.73999016]
 [8.1083604  7.37360563]
 [7.46452821 7.23712785]]",15.0,0.0,8.79,187,0.922789
optc,aia_201_225,SysClient0214.systemia.com,300.0,2533.0,2390.0,143.0,5.6455,0.16685843046761697,6012127.0,36031305.0,1.8981292188273984,17.310133904430995,23922.029,0.51,0.017,2.358,2.341,50.25,23.74,41.53,19.53,2390.0,3.0,3134.79,13.0,"['READ', 'WRITE']","[[6.37731239 6.99541669]
 [8.24031549 7.53387438]
 [7.49817329 7.30851386]
 [6.89614307 7.16377235]
 [4.8059592  5.74114822]
 [6.09385676 6.9700473 ]
 [9.03168244 7.86694911]
 [8.56020442 7.60383734]
 [7.17607137 7.25537948]
 [6.57826466 7.08645587]
 [7.77032921 7.36367845]
 [5.93838145 5.95349368]]",15.0,0.0,8.79,185,0.945494
optc,aia_201_225,SysClient0215.systemia.com,300.0,2533.0,2234.0,299.0,11.8042,0.1778236439579681,6720237.0,37791583.0,1.896306146940717,21.04189895768818,23991.272,0.473,0.019,2.209,2.19,56.39,28.29,45.72,22.07,2234.0,2.0,3108.33,13.0,"['READ', 'WRITE']","[[7.91718457 7.55696003]
 [6.3651934  6.99245784]
 [7.25025494 7.34705576]
 [8.5721111  7.74174982]
 [4.57471098 5.32300998]
 [6.0008942  6.0875995 ]
 [8.19204546 7.6553776 ]
 [6.95717341 7.21911315]
 [6.10626831 6.96603034]
 [6.59709227 7.09744115]
 [7.61229571 7.45561955]
 [9.02114631 7.86242066]]",15.0,0.0,8.79,173,0.878375
optc,aia_201_225,SysClient0216.systemia.com,300.0,2533.0,2234.0,299.0,11.8042,0.17469803654989965,6557451.0,37535917.0,1.8616223898584254,12.48602673465312,23623.859,0.495,0.02,2.203,2.183,56.01,28.12,45.31,22.0,2234.0,3.0,3161.0,13.0,"['READ', 'WRITE']","[[6.37492581 6.98260729]
 [8.06622591 7.50388603]
 [7.16145487 7.3336658 ]
 [8.4211185  7.6972847 ]
 [5.59265645 5.98016513]
 [6.90442537 7.17898054]
 [8.85252084 7.89118983]
 [7.98941366 7.78945746]
 [6.59994321 7.10684861]
 [6.08310137 6.95675517]
 [7.57634188 7.57320765]
 [7.60300788 7.28432861]]",15.0,0.0,8.79,181,0.873919
optc,aia_201_225,SysClient0217.systemia.com,300.0,2533.0,2393.0,140.0,5.527,0.17638120862530254,7432151.0,42136864.0,1.868212096336637,20.360257462719265,24089.122,0.485,0.02,2.193,2.173,58.69,28.71,46.71,21.81,2393.0,3.0,3151.91,13.0,"['READ', 'WRITE']","[[7.54695473 7.38819526]
 [6.08206349 6.95831461]
 [8.04618969 7.50144057]
 [6.73637849 7.15913544]
 [9.01698328 7.91517223]
 [7.14670087 7.27995359]
 [8.26051212 7.73735578]
 [6.42808448 7.01019508]
 [4.48863637 5.26269019]
 [8.54777176 7.68880483]
 [6.20021437 6.24069973]
 [7.74067073 7.6324944 ]]",15.0,0.0,8.79,179,0.943703
optc,aia_201_225,SysClient0218.systemia.com,300.0,2533.0,2234.0,299.0,11.8042,0.17428555870099866,6567556.0,37682732.0,1.844746293446101,11.351122686359288,23895.891,0.513,0.021,2.27,2.249,56.23,27.63,45.79,21.73,2234.0,3.0,3002.01,13.0,"['READ', 'WRITE']","[[6.38171994 6.98316276]
 [7.86659688 7.65952691]
 [7.33775251 7.36113118]
 [8.18461396 7.60686231]
 [7.01431779 7.2411488 ]
 [8.96246856 7.86358392]
 [5.29135054 5.84564613]
 [6.08929689 6.93816979]
 [7.71091882 7.35514643]
 [8.52936141 7.69694523]
 [6.54102063 5.97763761]
 [6.67994426 7.13843662]]",15.0,0.0,8.79,182,0.892892
optc,aia_201_225,SysClient0219.systemia.com,300.0,2533.0,2426.0,107.0,4.2242,0.17432848448447863,7024685.0,40295681.0,2.0592527916910686,25.76423691195766,23727.54,0.513,0.02,2.269,2.249,55.37,28.92,44.95,22.68,2426.0,3.0,3260.89,13.0,"['READ', 'WRITE']","[[6.37699135 6.97745954]
 [7.50332342 7.42413439]
 [8.50229129 7.76487767]
 [6.89182377 7.18026454]
 [5.62040087 3.8918203 ]
 [7.20117273 7.34760111]
 [6.08352094 6.94926685]
 [8.91309457 7.85121345]
 [5.51032322 5.87194466]
 [7.83049653 7.48531587]
 [8.11985203 7.60735331]
 [6.57462288 7.04671744]]",15.0,0.0,8.79,197,0.937386
optc,aia_201_225,SysClient0220.systemia.com,300.0,2533.0,2426.0,107.0,4.2242,0.1779292587679408,7495762.0,42127765.0,1.9501927347746593,26.870924660389527,24056.388,0.489,0.02,2.172,2.152,57.88,29.21,46.33,22.35,2426.0,3.0,3331.34,13.0,"['READ', 'WRITE']","[[6.10696072 6.94812847]
 [8.15945896 7.62622353]
 [7.54592263 7.47242374]
 [8.91316571 7.8481138 ]
 [6.89218275 7.19476745]
 [4.35515851 5.33074209]
 [6.59794249 7.091252  ]
 [7.87502208 7.55690492]
 [8.49518575 7.67657337]
 [6.04750979 6.02159158]
 [6.40846118 6.97008711]
 [7.23241517 7.31739609]]",15.0,0.0,8.79,190,0.925739
optc,aia_201_225,SysClient0221.systemia.com,300.0,2533.0,2426.0,107.0,4.2242,0.17322335725275312,6894172.0,39799321.0,1.9643840632348413,21.302225095633652,23923.895,0.495,0.019,2.256,2.237,54.68,27.23,44.53,21.64,2426.0,3.0,3187.3,13.0,"['READ', 'WRITE']","[[6.38546906 6.97883766]
 [8.66059527 7.85607405]
 [7.60374767 7.47172891]
 [6.93121223 7.18249611]
 [6.07079423 6.94452695]
 [7.96411974 7.58398347]
 [4.20469262 5.17614973]
 [8.28662672 7.65492468]
 [7.29625049 7.30340191]
 [6.63839857 7.06634572]
 [5.72278342 6.03667339]
 [9.10029072 7.76598592]]",15.0,0.0,8.79,190,0.937598
optc,aia_201_225,SysClient0222.systemia.com,300.0,2533.0,1767.0,766.0,30.2408,0.16746551976678015,5135785.0,30667716.0,2.1994708082602186,31.234285108042748,59142.402,0.545,0.022,2.255,2.233,57.85,30.39,45.67,22.96,1767.0,3.0,2252.8,13.0,"['READ', 'WRITE']","[[7.82717336 7.49598986]
 [6.39588738 6.96393195]
 [9.05004289 7.77747163]
 [8.48812144 7.59509887]
 [7.07567432 7.27213035]
 [4.58642308 5.53643446]
 [6.69876781 7.06693161]
 [7.45542171 7.37783816]
 [8.16279848 7.59546696]
 [8.69974383 7.87389375]
 [5.77471744 6.01830718]
 [6.09148494 6.92117418]]",15.0,0.0,8.79,186,0.950518
optc,aia_201_225,SysClient0223.systemia.com,300.0,2533.0,2233.0,300.0,11.8437,0.17460963796207282,6544137.0,37478670.0,1.8166801903749816,13.439342350968525,24056.309,0.498,0.02,2.216,2.196,55.95,27.76,45.57,21.98,2233.0,3.0,2990.08,13.0,"['READ', 'WRITE']","[[6.08947509 6.96221182]
 [8.05863264 7.69912202]
 [7.4678543  7.48363255]
 [7.05109734 7.30368887]
 [7.80693372 7.48258411]
 [6.39606915 6.98211662]
 [4.4356825  5.3960802 ]
 [8.45241963 7.71164753]
 [7.38055269 7.14482649]
 [5.95588364 6.03842314]
 [8.8511355  7.83281464]
 [6.68132212 7.13437596]]",15.0,0.0,8.79,176,0.875603
optc,aia_201_225,SysClient0224.systemia.com,300.0,2533.0,2393.0,140.0,5.527,0.17530638243125246,7265390.0,41443956.0,1.8685282816200546,14.974811075458762,24040.064,0.496,0.021,2.235,2.214,57.73,28.66,46.3,21.98,2393.0,3.0,3237.37,13.0,"['READ', 'WRITE']","[[6.10724076 6.94326462]
 [8.04332384 7.58760844]
 [6.98905212 7.23882822]
 [9.06253466 7.80180804]
 [6.65197422 7.11478488]
 [7.3282236  7.33726698]
 [6.40174413 7.00623139]
 [6.23375281 6.1739943 ]
 [8.71016245 7.85815434]
 [4.61912366 5.62487043]
 [7.71592487 7.5060829 ]
 [8.37916977 7.67620662]]",15.0,0.0,8.79,183,0.934392
optc,aia_201_225,SysClient0225.systemia.com,300.0,2533.0,2401.0,132.0,5.2112,0.17222774095408025,6447888.0,37438150.0,1.9449896508747055,21.642486910655865,23874.311,0.512,0.02,2.344,2.324,51.98,25.97,43.25,21.37,2401.0,4.0,3161.94,13.0,"['READ', 'WRITE']","[[8.33357955 7.79544151]
 [6.55669485 7.06770524]
 [7.23620052 7.32588778]
 [5.92306383 6.89527003]
 [6.28157262 7.02860251]
 [7.56580787 7.42960001]
 [7.95751506 7.60225059]
 [4.78749174 5.36752397]
 [6.10427764 6.94535796]
 [8.79924732 7.84680415]
 [6.89687076 7.26097575]
 [5.91325168 5.97455491]]",15.0,0.0,8.79,188,0.930726
optc,aia_501_525,SysClient0501.systemia.com,300.0,1950.0,1941.0,9.0,0.4615,0.15366913168563992,4779707.0,31103885.0,2.5999251508511714,77.4181243557287,83131.322,0.521,0.018,2.395,2.377,53.42,30.25,43.01,21.22,1941.0,3.0,2632.88,13.0,"['READ', 'WRITE']","[[8.75978812 7.75311344]
 [6.62435879 7.11671389]
 [7.34007738 7.30407766]
 [6.39410093 7.00505306]
 [8.03140195 7.42779322]
 [4.31427783 5.21087274]
 [6.09171141 6.96015656]
 [7.03732985 7.15815054]
 [9.37983988 7.86149338]
 [8.36092372 7.5780285 ]
 [5.17614973 6.20050917]
 [7.68925955 7.34365312]]",15.0,0.0,6.77,221,0.819436
optc,aia_501_525,SysClient0502.systemia.com,300.0,1950.0,1902.0,48.0,2.4615,0.1548545479078187,4872988.0,31468162.0,2.0357137809491843,75.48515946687706,83118.959,0.595,0.023,2.372,2.349,55.15,28.89,43.82,20.58,1902.0,3.0,2707.58,13.0,"['READ', 'WRITE']","[[8.51052881 7.78619775]
 [6.56554104 7.07363721]
 [7.17040514 7.40690093]
 [6.09925049 6.94183528]
 [6.86176096 7.09040719]
 [8.31284706 7.51417236]
 [4.26267988 5.09986643]
 [7.92755637 7.56224769]
 [6.37259808 6.99176674]
 [7.2129526  7.04291975]
 [8.84649914 7.83644011]
 [7.55427231 7.40324707]]",15.0,0.0,6.77,167,0.882853
optc,aia_501_525,SysClient0503.systemia.com,300.0,1950.0,1767.0,183.0,9.3846,0.15351999681105244,3878261.0,25262253.0,1.996896660900342,59.80638486632326,83005.924,0.626,0.021,2.599,2.578,47.66,20.7,40.64,18.3,1767.0,3.0,2483.55,13.0,"['READ', 'WRITE']","[[6.09345472 7.05022553]
 [7.66007195 7.27742577]
 [6.74301572 7.18828972]
 [8.45502816 7.72000551]
 [6.5658081  7.07720179]
 [7.18522296 7.29122397]
 [6.06418411 6.91142793]
 [5.76905221 6.17812639]
 [6.33831893 7.100937  ]
 [8.07795849 7.48833713]
 [6.91812055 7.09177833]
 [6.40050807 6.96148426]]",15.0,0.0,6.77,164,0.924049
optc,aia_501_525,SysClient0504.systemia.com,300.0,1950.0,1906.0,44.0,2.2564,0.15180234171008847,4072307.0,26826378.0,2.28704300731743,109.14845088385988,83125.586,0.659,0.022,2.624,2.602,46.92,21.2,40.1,18.79,1906.0,2.0,2341.12,13.0,"['READ', 'WRITE']","[[6.2853137  7.07931686]
 [7.77538405 7.42286148]
 [7.03122621 7.26266725]
 [6.10609865 6.92431157]
 [6.70926959 7.17083089]
 [8.64821646 7.77787497]
 [5.5092162  6.26210316]
 [8.30765087 7.65067571]
 [7.44503186 7.24949295]
 [4.39444915 5.19295685]
 [6.09779459 7.07173974]
 [6.50830857 7.0886148 ]]",15.0,0.0,6.77,168,0.912179
optc,aia_501_525,SysClient0505.systemia.com,300.0,1950.0,1906.0,44.0,2.2564,0.15001538577493861,4044410.0,26959968.0,2.17934735128251,58.77804496821939,83039.383,0.669,0.023,2.654,2.631,47.15,21.1,40.24,18.59,1906.0,3.0,2659.02,13.0,"['READ', 'WRITE']","[[6.37338642 6.9835939 ]
 [7.77413142 7.38052569]
 [6.61201087 7.23338015]
 [8.47045371 7.66930981]
 [6.07068428 6.96269432]
 [7.02413177 7.23535219]
 [6.5087081  7.03950247]
 [4.41884061 5.20948615]
 [5.82758907 6.3576447 ]
 [6.78923994 7.06144508]
 [7.34463936 7.3381174 ]
 [6.22157509 7.08535478]]",15.0,0.0,6.77,174,0.916057
optc,aia_501_525,SysClient0506.systemia.com,300.0,1949.0,1940.0,9.0,0.4618,0.14969505973784233,3978226.0,26575533.0,2.517643531061342,96.84941786794225,83126.996,0.72,0.024,2.668,2.644,45.66,22.34,39.21,19.77,1940.0,3.0,1868.85,13.0,"['READ', 'WRITE']","[[6.05286578 6.92076632]
 [8.52174249 7.53217436]
 [2.29755993 2.24990484]
 [6.62150877 7.12074371]
 [7.43586004 7.30634265]
 [6.39435323 6.95543611]
 [5.28521226 6.19319091]
 [9.07944811 7.88504877]
 [6.90728782 7.21961781]
 [7.83843627 7.42858401]
 [4.24849524 5.08140436]
 [6.24204021 7.02373672]]",15.0,0.0,6.76,177,0.927557
optc,aia_501_525,SysClient0507.systemia.com,300.0,1949.0,1770.0,179.0,9.1842,0.1542095346843773,3939174.0,25544296.0,1.990163806168593,72.6548204240819,83121.241,0.622,0.021,2.54,2.519,48.11,21.64,40.98,18.92,1770.0,3.0,2413.93,13.0,"['READ', 'WRITE']","[[6.806919   7.1618216 ]
 [7.92683634 7.43736723]
 [6.25548484 7.09316836]
 [6.41649147 6.98501775]
 [7.39675589 7.27224517]
 [8.36285372 7.69316205]
 [5.07665599 5.94286137]
 [6.07692399 6.97559365]
 [6.58665119 7.10494815]
 [8.71561588 7.73066168]
 [7.04914347 7.23293993]
 [7.62422162 7.363455  ]]",15.0,0.0,6.76,169,0.913607
optc,aia_501_525,SysClient0508.systemia.com,300.0,1949.0,1938.0,11.0,0.5644,0.14938320473448444,4061823.0,27190627.0,2.279529792164917,60.574335760521414,83120.506,0.668,0.023,2.634,2.611,46.77,22.02,39.97,19.27,1938.0,3.0,2557.01,13.0,"['READ', 'WRITE']","[[6.25708875 7.10403308]
 [7.61636962 7.29448276]
 [6.49399445 7.11736346]
 [8.57025443 7.73695802]
 [4.30406509 5.10594547]
 [6.89176021 7.25162902]
 [6.38027365 6.97310127]
 [5.5637202  6.15591016]
 [6.70503617 7.12527293]
 [6.06169857 6.97265596]
 [8.14942587 7.57714698]
 [7.18598223 7.271078  ]]",15.0,0.0,6.76,175,0.932703
optc,aia_501_525,SysClient0509.systemia.com,300.0,1949.0,1902.0,47.0,2.4115,0.15319994458521388,4105990.0,26801511.0,2.1154744970152017,71.21557250239879,83048.58,0.636,0.021,2.568,2.547,46.97,21.26,40.01,18.54,1902.0,3.0,2488.66,13.0,"['READ', 'WRITE']","[[8.28761145 7.53725428]
 [6.33811778 7.23064528]
 [6.08369973 6.97911308]
 [7.1250264  7.30167178]
 [7.5453767  7.25590049]
 [4.57471098 5.29330482]
 [6.55500098 7.05418682]
 [6.8261535  7.13435347]
 [6.36914186 6.98341898]
 [8.66777358 7.78758891]
 [5.74438726 6.50608814]
 [7.82326635 7.39295627]]",15.0,0.0,6.76,162,0.954808
optc,aia_501_525,SysClient0510.systemia.com,300.0,1949.0,1935.0,14.0,0.7183,0.14978508375252372,4055879.0,27077990.0,2.519198486690524,88.24849931318715,83023.756,0.67,0.023,2.673,2.65,46.65,21.66,39.83,19.07,1935.0,4.0,2404.36,13.0,"['READ', 'WRITE']","[[6.45400407 7.12311339]
 [7.67127725 7.34963892]
 [6.13068686 7.04994877]
 [8.55526589 7.75374987]
 [4.17851222 4.97135413]
 [7.28641533 7.29734454]
 [8.23748415 7.52021431]
 [6.40322647 6.97006369]
 [5.66936937 5.90124289]
 [6.68759075 7.13289969]
 [6.96398909 7.23865368]
 [6.06455964 6.90011004]]",15.0,0.0,6.76,175,0.94207
optc,aia_501_525,SysClient0511.systemia.com,300.0,1949.0,1900.0,49.0,2.5141,0.15033128018478598,4036929.0,26853553.0,2.3717656510681646,109.5792476522851,83126.022,0.675,0.023,2.701,2.678,47.11,20.66,40.17,18.33,1900.0,4.0,2351.26,13.0,"['READ', 'WRITE']","[[6.40086056 6.95830804]
 [7.738698   7.38643471]
 [6.96612877 7.22054772]
 [6.13559878 7.07938187]
 [8.40032075 7.72711163]
 [6.66654361 7.15597748]
 [4.36944785 5.20948615]
 [7.36269504 7.2916023 ]
 [6.50128967 6.05443935]
 [5.74110508 6.46503791]
 [6.45682215 7.09647332]
 [6.09593552 6.9243622 ]]",15.0,0.0,6.76,162,0.937843
optc,aia_501_525,SysClient0512.systemia.com,300.0,1949.0,1766.0,183.0,9.3894,0.15339684686961574,3866258.0,25204286.0,2.0146493940652768,73.3436774723853,83124.241,0.629,0.021,2.582,2.561,47.57,20.61,40.6,18.07,1766.0,3.0,2529.85,13.0,"['READ', 'WRITE']","[[7.6572844  7.3366212 ]
 [6.51349103 7.07624389]
 [6.88327112 7.20846287]
 [6.06499268 6.93918141]
 [8.76130414 7.65487256]
 [5.02924037 5.83024151]
 [6.22331183 7.14299717]
 [7.15540518 7.27893754]
 [8.33680912 7.64018425]
 [6.38049615 6.98229246]
 [6.5889423  7.30825442]
 [6.72169672 7.09622194]]",15.0,0.0,6.76,166,0.938192
optc,aia_501_525,SysClient0513.systemia.com,300.0,1949.0,1935.0,14.0,0.7183,0.15061661405901064,4129234.0,27415528.0,2.369756225730889,74.07685463995605,83120.246,0.706,0.024,2.646,2.622,47.23,22.65,40.28,19.63,1935.0,4.0,2511.03,13.0,"['READ', 'WRITE']","[[6.39776711 6.98512257]
 [7.59932651 7.28820384]
 [8.44422743 7.67159088]
 [6.84034435 7.18696094]
 [6.11627315 7.0584429 ]
 [4.31748811 5.07517382]
 [7.18639308 7.26231714]
 [6.59268721 7.07401933]
 [7.92094677 7.45158399]
 [5.71348414 6.28303408]
 [6.08391013 6.91976206]
 [6.39005551 7.21055967]]",15.0,0.0,6.76,173,0.933743
optc,aia_501_525,SysClient0514.systemia.com,300.0,1949.0,1772.0,177.0,9.0816,0.15436102934451607,4010160.0,25979096.0,1.9943421564224753,58.82201675690482,83005.713,0.636,0.022,2.642,2.62,48.87,23.29,41.55,19.98,1772.0,3.0,2385.47,13.0,"['READ', 'WRITE']","[[6.97349648 7.13270304]
 [6.08670926 6.95969186]
 [8.40037101 7.6520189 ]
 [6.40788092 6.96035677]
 [7.66866833 7.34878104]
 [4.62497281 5.55295958]
 [8.85810991 7.88858605]
 [6.31874004 7.08992745]
 [6.76950659 7.20601243]
 [5.61392569 6.4080024 ]
 [6.57226415 7.10337971]
 [7.28874067 7.33362746]]",15.0,0.0,6.76,173,0.918914
optc,aia_501_525,SysClient0515.systemia.com,300.0,1949.0,1905.0,44.0,2.2576,0.15953779426351067,4849157.0,30395036.0,1.9846697494016905,65.57489563380331,83049.278,0.619,0.025,2.403,2.378,53.18,25.3,44.13,20.69,1905.0,3.0,2533.5,13.0,"['READ', 'WRITE']","[[8.26861743 7.71099833]
 [6.36566522 6.98119716]
 [7.2258171  7.38805097]
 [6.87868962 7.20086505]
 [8.66687801 7.84846269]
 [7.60964182 7.61948786]
 [4.17438727 5.0937502 ]
 [6.08855752 6.94971728]
 [5.48167951 6.26418676]
 [6.55585596 7.08646055]
 [7.48785543 7.30888414]
 [7.91941706 7.52591034]]",15.0,0.0,6.76,170,0.915943
optc,aia_501_525,SysClient0516.systemia.com,300.0,1949.0,1769.0,180.0,9.2355,0.16507076007883478,4753699.0,28797947.0,1.8753751800440615,38.50286810969126,83119.228,0.595,0.024,2.328,2.304,54.26,25.74,45.03,20.99,1769.0,3.0,2519.58,13.0,"['READ', 'WRITE']","[[7.72684347 7.72330547]
 [6.39549127 6.99696319]
 [8.49379518 7.62975157]
 [7.52531989 7.43692939]
 [6.60984711 7.10898484]
 [6.08641773 6.94896883]
 [8.07697942 7.64791739]
 [8.80854162 7.90363369]
 [8.38796849 7.90288957]
 [7.84005077 7.44995295]
 [7.25469083 7.34940684]
 [6.90912739 7.21877259]]",15.0,0.0,6.76,169,0.912533
optc,aia_501_525,SysClient0517.systemia.com,300.0,1949.0,1938.0,11.0,0.5644,0.1623150115917445,5025127.0,30959102.0,2.327526809969308,80.23425870736499,83084.656,0.629,0.025,2.389,2.364,53.25,26.41,44.19,21.59,1938.0,3.0,2542.28,13.0,"['READ', 'WRITE']","[[8.26526517 7.74938182]
 [6.55040302 7.09035542]
 [7.68962235 7.31619623]
 [3.09104245 3.73766962]
 [6.08561299 6.94997184]
 [8.7424336  7.87813398]
 [7.89533208 7.61202096]
 [7.18979954 7.26589011]
 [5.09514087 5.37069211]
 [7.48630862 7.52864176]
 [6.84057334 7.18927811]
 [6.37848322 6.98151256]]",15.0,0.0,6.76,174,0.938991
optc,aia_501_525,SysClient0518.systemia.com,300.0,1949.0,1802.0,147.0,7.5423,0.16479523087467618,4829683.0,29307177.0,2.012408106908862,86.71445888244052,83123.121,0.593,0.024,2.276,2.252,54.21,26.02,44.88,21.18,1802.0,2.0,2494.72,13.0,"['READ', 'WRITE']","[[7.88746831 7.4524459 ]
 [6.36366685 6.98276843]
 [6.87539853 7.20138053]
 [1.38629436 0.        ]
 [8.27414067 7.74197428]
 [7.48764478 7.48588329]
 [6.06599536 6.93871997]
 [8.71516936 7.86871032]
 [6.57690836 7.0812407 ]
 [4.29045944 5.25749537]
 [7.91131329 7.74800046]
 [7.16075935 7.37773596]]",15.0,0.0,6.76,173,0.943629
optc,aia_501_525,SysClient0519.systemia.com,300.0,1949.0,1906.0,43.0,2.2063,0.15852721713383036,4774420.0,30117352.0,2.227535604115507,100.80598726092043,83126.386,0.657,0.027,2.464,2.437,52.67,25.48,43.87,20.81,1906.0,3.0,2509.74,13.0,"['READ', 'WRITE']","[[6.89031246 7.21256729]
 [7.85688482 7.46047282]
 [8.36027245 7.74658779]
 [6.09729911 6.95322979]
 [6.38491355 6.98618925]
 [7.27963397 7.27876924]
 [8.83055368 7.92042219]
 [7.99860616 7.70460614]
 [7.45429927 7.55966654]
 [4.26267988 5.09986643]
 [6.60077127 7.10723214]
 [6.24556875 6.37210972]]",15.0,0.0,6.76,175,0.94464
optc,aia_501_525,SysClient0520.systemia.com,300.0,1949.0,1905.0,44.0,2.2576,0.15857687786185087,4805900.0,30306436.0,2.1190110222852843,76.13291474186747,83130.945,0.633,0.027,2.439,2.412,53.03,25.6,44.02,20.75,1905.0,3.0,2601.51,13.0,"['READ', 'WRITE']","[[6.56150662 7.12681539]
 [7.75138585 7.37228457]
 [6.08258437 6.95362621]
 [8.33714915 7.70152702]
 [7.28183481 7.40900464]
 [8.68885532 7.95309232]
 [6.38669841 6.97952704]
 [6.82810083 7.17636324]
 [7.96566963 7.69245079]
 [7.11487072 7.21422354]
 [4.52178858 5.28826703]
 [7.57537464 7.57522674]]",15.0,0.0,6.76,173,0.916465
optc,aia_501_525,SysClient0521.systemia.com,300.0,1949.0,1798.0,151.0,7.7476,0.16485983340307225,4777164.0,28977125.0,2.0063221710621133,86.5180993919853,83109.437,0.598,0.024,2.305,2.281,53.72,25.77,44.65,21.18,1798.0,3.0,2484.89,13.0,"['READ', 'WRITE']","[[6.37832475 6.98271013]
 [7.833007   7.56485669]
 [7.1543934  7.33325016]
 [8.67881107 7.90076758]
 [6.09113428 6.96260648]
 [6.55746143 7.07696643]
 [8.14493784 7.67034162]
 [7.5022454  7.55950052]
 [7.52787671 7.23879631]
 [5.78556679 6.53258273]
 [4.44265126 5.24174702]
 [6.81924791 7.20091134]]",15.0,0.0,6.76,171,0.927457
optc,aia_501_525,SysClient0522.systemia.com,300.0,1949.0,1940.0,9.0,0.4618,0.15669720115860727,4378135.0,27940097.0,2.372414799452294,65.46355205809303,83083.816,0.661,0.023,2.473,2.45,48.01,23.73,40.58,20.06,1940.0,3.0,1775.27,13.0,"['READ', 'WRITE']","[[6.0405985  6.91929293]
 [7.7307043  7.59397831]
 [6.52630517 7.04871764]
 [2.63905733 3.36729583]
 [7.37378266 7.35209864]
 [8.23024973 7.65904212]
 [6.95860238 7.22786565]
 [5.48063892 6.28039584]
 [8.86851963 7.86599327]
 [6.2273607  6.98056311]
 [6.36696105 6.94612942]
 [5.00421649 5.12026553]]",15.0,0.0,6.76,173,0.92765
optc,aia_501_525,SysClient0523.systemia.com,300.0,1949.0,1802.0,147.0,7.5423,0.16415196181616243,4795954.0,29216550.0,2.0826018729538456,88.06564703643693,83124.426,0.589,0.024,2.343,2.319,54.04,25.88,44.81,21.29,1802.0,3.0,2447.4,13.0,"['READ', 'WRITE']","[[8.72511295 7.84250971]
 [6.87882703 7.21753272]
 [7.59802847 7.58912797]
 [6.07987202 6.94791261]
 [7.2059216  7.33646113]
 [6.02102335 5.49306144]
 [6.37661535 6.98685702]
 [8.29567104 7.72194724]
 [4.33073334 5.19295685]
 [7.63417365 7.29722179]
 [7.9239177  7.59845991]
 [6.58927088 7.11009507]]",15.0,0.0,6.76,177,0.940105
optc,aia_501_525,SysClient0524.systemia.com,300.0,1949.0,1901.0,48.0,2.4628,0.16086359939891168,4880757.0,30340966.0,2.093574266450847,99.66717465816815,83130.442,0.623,0.026,2.398,2.372,53.2,25.77,44.1,20.79,1901.0,3.0,2610.53,13.0,"['READ', 'WRITE']","[[6.08033623 6.93807211]
 [7.78641615 7.38839621]
 [6.80994477 7.16257864]
 [8.2946382  7.77229699]
 [6.34891901 6.97888325]
 [7.14937814 7.30720431]
 [4.34380542 5.27811466]
 [7.84591372 7.75610466]
 [8.66464119 7.88895628]
 [7.4446293  7.48064633]
 [6.52450686 7.09380346]
 [8.06179566 7.5473997 ]]",15.0,0.0,6.76,162,0.922476
optc,aia_501_525,SysClient0525.systemia.com,300.0,1949.0,1901.0,48.0,2.4628,0.15968001984172067,4926474.0,30852163.0,2.0559032547415987,53.298082618004806,83008.438,0.636,0.027,2.434,2.407,54.1,26.03,44.77,21.05,1901.0,3.0,2591.61,13.0,"['READ', 'WRITE']","[[7.0692127  7.28459189]
 [8.05391112 7.63281137]
 [6.351725   6.9831859 ]
 [7.39400785 7.45846369]
 [8.44205111 7.77725253]
 [6.05892816 6.931784  ]
 [4.31748811 5.32787617]
 [7.69611084 7.6709755 ]
 [8.77494015 7.90030364]
 [6.73945034 7.17372491]
 [7.685594   7.27407016]
 [6.50790678 7.07917816]]",15.0,0.0,6.76,170,0.894198
optc,aia_951_975,SysClient0951.systemia.com,300.0,1947.0,1899.0,48.0,2.4653,0.14782701927564745,4075640.0,27570332.0,2.0415377344418233,5.793185739536985,346.213,0.592,0.018,2.622,2.604,48.39,27.73,40.61,20.54,1899.0,3.0,2143.65,13.0,"['READ', 'WRITE']","[[6.37881416 6.95827277]
 [8.04474423 7.49260261]
 [7.04104646 7.20051006]
 [8.85525402 7.82844901]
 [6.08744756 6.92661574]
 [6.8146046  6.96959201]
 [5.02238504 5.52979114]
 [7.43613689 7.26427368]
 [6.57461698 7.05646778]
 [9.50655057 7.76266178]
 [8.45310975 7.51925944]
 [7.75188582 7.37581314]]",15.0,0.0,6.76,182,0.896178
optc,aia_951_975,SysClient0952.systemia.com,300.0,1946.0,1901.0,45.0,2.3124,0.15257360026001096,4774179.0,31290990.0,2.5701875074227423,12.545222605302527,1160.232,0.627,0.024,2.509,2.485,54.87,28.36,43.64,20.55,1901.0,4.0,2641.68,13.0,"['READ', 'WRITE']","[[7.15567226 7.03647871]
 [8.8662646  7.89792647]
 [6.11427569 6.93978776]
 [7.90281815 7.5198361 ]
 [6.43580344 6.9901145 ]
 [4.54374727 5.32605837]
 [7.5507116  7.11101956]
 [8.33759138 7.58396535]
 [6.74375469 7.07018677]
 [7.4750791  7.4180477 ]
 [8.59290446 7.76034693]
 [6.96439976 7.34750854]]",15.0,0.0,6.75,173,0.896357
optc,aia_951_975,SysClient0953.systemia.com,300.0,1946.0,1772.0,174.0,8.9414,0.15302692600207768,3890763.0,25425349.0,2.0367239562009822,5.220737067397946,646.22,0.661,0.021,2.699,2.678,47.83,21.77,40.79,18.94,1772.0,3.0,2453.1,13.0,"['READ', 'WRITE']","[[6.39427586 6.95323366]
 [7.93393572 7.51486341]
 [6.88706812 7.28831819]
 [8.6053804  7.78441109]
 [6.09679312 6.96583   ]
 [7.15624291 7.24522584]
 [6.56501484 7.11606417]
 [5.48584609 5.45049477]
 [6.77831113 7.06540753]
 [7.55991527 7.31613616]
 [8.41578052 7.53996519]
 [6.35744098 7.09661092]]",15.0,0.0,6.75,177,0.896042
optc,aia_951_975,SysClient0954.systemia.com,300.0,1946.0,1901.0,45.0,2.3124,0.149125387350195,3998876.0,26815528.0,2.214785034844794,6.978597085773271,424.647,0.706,0.023,2.768,2.745,47.02,21.02,40.2,18.64,1901.0,2.0,2557.03,13.0,"['READ', 'WRITE']","[[6.76074203 7.12473191]
 [8.5790949  7.77726537]
 [6.38044534 6.9854549 ]
 [7.6756487  7.32848682]
 [4.33073334 5.29330482]
 [6.08232684 6.95436636]
 [6.55653323 7.09692931]
 [7.23331193 7.24362577]
 [5.79794349 6.05906314]
 [6.20749962 7.08877879]
 [6.9676988  7.21000291]
 [8.2546618  7.59752019]]",15.0,0.0,6.75,175,0.887068
optc,aia_951_975,SysClient0955.systemia.com,300.0,1946.0,1902.0,44.0,2.261,0.1518225994610017,4081027.0,26880234.0,2.2012739719682726,8.08141574187389,1286.294,0.663,0.02,2.699,2.679,47.11,21.9,40.2,19.05,1902.0,2.0,2554.92,13.0,"['READ', 'WRITE']","[[6.07980839 6.91993608]
 [7.7370549  7.34553471]
 [6.58175353 7.15246371]
 [8.70160772 7.79387464]
 [6.78819811 7.05189584]
 [4.21950771 5.0689042 ]
 [6.40950692 6.99580559]
 [8.29293477 7.5410772 ]
 [6.13156378 7.06507557]
 [7.30642361 7.32880473]
 [5.23109432 5.87391974]
 [6.94062948 7.24973799]]",15.0,0.0,6.75,180,0.888629
optc,aia_951_975,SysClient0956.systemia.com,300.0,1946.0,1936.0,10.0,0.5139,0.15165595598481976,4159701.0,27428537.0,2.501892011228561,36.53473523521465,5619.488,0.643,0.021,2.692,2.671,47.23,22.8,40.32,19.76,1936.0,3.0,2423.5,13.0,"['READ', 'WRITE']","[[6.40632615 6.96266555]
 [8.33742745 7.61209843]
 [6.08388208 6.97996435]
 [6.66725908 7.0977627 ]
 [7.47756299 7.28789104]
 [4.11087386 5.11799381]
 [5.56039323 6.2574382 ]
 [6.36582819 7.10928049]
 [6.81151575 7.30610695]
 [8.67833534 7.71897811]
 [7.06892235 7.23778382]
 [7.80260287 7.48316519]]",15.0,0.0,6.75,173,0.927863
optc,aia_951_975,SysClient0957.systemia.com,300.0,1946.0,1902.0,44.0,2.261,0.14915418923040538,4015429.0,26921329.0,2.2132294888041377,7.133286892830224,420.607,0.698,0.022,2.739,2.717,47.18,21.57,40.22,18.87,1902.0,3.0,2550.58,13.0,"['READ', 'WRITE']","[[6.37845362 6.95608109]
 [7.94538653 7.518711  ]
 [6.84447737 7.13106797]
 [8.698699   7.587824  ]
 [4.83372436 5.47508738]
 [6.57179332 7.11548329]
 [7.18243906 7.50445648]
 [7.16267965 7.21944283]
 [6.099726   6.9706752 ]
 [6.31031021 7.1215034 ]
 [8.32648759 7.70275597]
 [7.60624485 7.26027782]]",15.0,0.0,6.75,173,0.905796
optc,aia_951_975,SysClient0958.systemia.com,300.0,1946.0,1901.0,45.0,2.3124,0.1513121734307333,4100779.0,27101448.0,2.0955015366592096,5.720718143889069,576.197,0.69,0.022,2.739,2.717,47.52,21.74,40.57,19.08,1901.0,3.0,2573.43,13.0,"['READ', 'WRITE']","[[6.56891231 7.11180034]
 [7.79220151 7.46710423]
 [7.13532232 7.27007544]
 [6.27593124 7.05997182]
 [8.67416363 7.82248694]
 [4.15888308 5.06259503]
 [5.41760923 6.10445431]
 [6.41837889 6.96361845]
 [8.31207882 7.57950761]
 [6.82287795 7.15592437]
 [7.49113043 7.25849282]
 [6.07195885 6.9542383 ]]",15.0,0.0,6.75,173,0.885948
optc,aia_951_975,SysClient0959.systemia.com,300.0,1946.0,1897.0,49.0,2.518,0.1500750547927425,4020175.0,26787763.0,2.2167221819944944,7.216578036429894,473.509,0.699,0.022,2.743,2.721,47.07,20.57,40.13,18.06,1897.0,3.0,2623.75,13.0,"['READ', 'WRITE']","[[6.73720119 7.088541  ]
 [7.94052027 7.45472568]
 [6.24869165 7.06558911]
 [6.95748686 7.2009201 ]
 [8.47699918 7.64379314]
 [6.39269539 6.98679391]
 [7.26518808 7.33940662]
 [6.53398186 7.11927143]
 [5.37527841 5.22035583]
 [7.61123943 7.19982837]
 [6.07231578 6.95066546]
 [5.62706814 6.13418396]]",15.0,0.0,6.75,177,0.901504
optc,aia_951_975,SysClient0960.systemia.com,300.0,1946.0,1901.0,45.0,2.3124,0.14964105423041393,4048277.0,27053251.0,2.191910742026817,6.960116415092632,466.046,0.701,0.023,2.758,2.735,47.44,22.04,40.43,19.11,1901.0,3.0,2461.37,13.0,"['READ', 'WRITE']","[[6.24465686 7.09933783]
 [7.44667273 7.2911988 ]
 [8.62623301 7.71499648]
 [6.06745578 6.96108158]
 [6.7524589  7.05309073]
 [4.15888308 5.04342512]
 [6.42168335 7.0101229 ]
 [7.82529893 7.41617267]
 [8.27995172 7.62649476]
 [5.3915364  5.98229345]
 [6.66166674 7.2365898 ]
 [7.0626685  7.25805461]]",15.0,0.0,6.75,174,0.882764
optc,aia_951_975,SysClient0961.systemia.com,300.0,1946.0,1903.0,43.0,2.2097,0.15162556322484835,4128229.0,27226471.0,2.09103786078724,5.6577930158182355,577.856,0.685,0.021,2.761,2.74,47.69,22.58,40.72,19.77,1903.0,3.0,2554.78,13.0,"['READ', 'WRITE']","[[6.3707892  6.93997353]
 [7.65665027 7.34118262]
 [8.53320716 7.68621204]
 [6.9322483  7.06706465]
 [4.71570088 5.36525491]
 [6.10835911 6.9682878 ]
 [7.26935376 7.2735385 ]
 [6.59550202 7.07757375]
 [6.33530573 7.0902818 ]
 [9.05838375 7.94247354]
 [8.18641598 7.53666585]
 [6.83497428 7.27403654]]",15.0,0.0,6.75,173,0.903793
optc,aia_951_975,SysClient0962.systemia.com,300.0,1946.0,1936.0,10.0,0.5139,0.14891521892997414,4049266.0,27191754.0,2.963917047188156,54.56555528983362,5575.908,0.68,0.023,2.703,2.68,46.82,22.58,39.91,19.57,1936.0,4.0,2607.79,13.0,"['READ', 'WRITE']","[[6.86949035 7.17334201]
 [6.0743893  6.94921007]
 [8.23635595 7.49029701]
 [6.4380947  7.12910944]
 [4.0629634  5.04601983]
 [8.62727103 7.75296394]
 [7.60910183 7.36743942]
 [7.16635606 7.26902176]
 [5.53654901 6.27536789]
 [6.62064608 7.07331863]
 [6.41525996 6.94958777]
 [6.22139353 7.05756593]]",15.0,0.0,6.75,177,0.928075
optc,aia_951_975,SysClient0963.systemia.com,300.0,1946.0,1901.0,45.0,2.3124,0.1502620453393252,4050209.0,26954305.0,2.0673632027384206,5.422041521346349,316.324,0.681,0.021,2.732,2.711,47.26,21.94,40.32,19.11,1901.0,2.0,2616.96,13.0,"['READ', 'WRITE']","[[6.71007644 7.11416325]
 [7.9216566  7.46450706]
 [6.36402779 6.96665428]
 [8.47993176 7.69182008]
 [6.96735633 7.19385948]
 [4.26267988 5.11198779]
 [7.54361785 7.24078808]
 [6.12291667 6.94810795]
 [6.50340592 7.08818691]
 [6.20643796 7.11919633]
 [5.86248786 5.94210656]
 [7.24550137 7.34061268]]",15.0,0.0,6.75,174,0.897293
optc,aia_951_975,SysClient0964.systemia.com,300.0,1946.0,1897.0,49.0,2.518,0.15055421621687665,3992531.0,26518892.0,2.2151311651685024,8.00495678243271,1157.812,0.674,0.021,2.713,2.692,46.6,20.59,39.75,17.98,1897.0,3.0,2553.71,13.0,"['READ', 'WRITE']","[[6.50237067 7.10652603]
 [7.59780121 7.28347341]
 [8.51369214 7.72718499]
 [6.07625198 6.95212738]
 [6.82884662 7.24009135]
 [4.30406509 5.11799381]
 [6.72273632 7.06676418]
 [5.58460499 5.91218155]
 [8.18720213 7.51624953]
 [6.40641097 6.94689001]
 [7.15879422 7.2821204 ]
 [6.28460762 7.06172331]]",15.0,0.0,6.75,169,0.902453
optc,aia_951_975,SysClient0965.systemia.com,300.0,1946.0,1901.0,45.0,2.3124,0.1596232359865909,4906443.0,30737649.0,1.9472151735992929,5.352503718539903,311.385,0.644,0.026,2.47,2.444,53.9,25.64,44.56,21.08,1901.0,3.0,2609.66,13.0,"['READ', 'WRITE']","[[7.68097652 7.63477368]
 [6.11069734 6.9556416 ]
 [6.84551916 7.12553313]
 [8.24283931 7.75108683]
 [4.81426213 5.45790774]
 [6.55124967 7.06926537]
 [8.61732691 7.9714822 ]
 [7.05768253 7.31219148]
 [6.3613838  6.97173846]
 [7.61717972 7.29499247]
 [8.02835406 7.52431757]
 [7.31875368 7.43503754]]",15.0,0.0,6.75,172,0.883662
optc,aia_951_975,SysClient0966.systemia.com,300.0,1946.0,1806.0,140.0,7.1942,0.16358007232528035,4785951.0,29257543.0,2.1875255087231444,30.977895761703486,5368.366,0.611,0.025,2.418,2.393,54.0,27.17,44.84,22.06,1806.0,2.0,2291.21,13.0,"['READ', 'WRITE']","[[6.29070626 7.03198782]
 [7.83639056 7.59188659]
 [7.08183272 7.32020918]
 [8.92755971 7.94249692]
 [3.52636052 3.76120012]
 [6.67614966 7.19252635]
 [8.15839301 7.7011679 ]
 [7.44807872 7.47522545]
 [4.30406509 5.10594547]
 [6.00388707 5.36597602]
 [6.08176484 6.94406779]
 [8.51799611 7.7233065 ]]",15.0,0.0,6.75,170,0.920828
optc,aia_951_975,SysClient0967.systemia.com,300.0,1946.0,1935.0,11.0,0.5653,0.15796458997376986,4858757.0,30758520.0,2.828163013502768,44.21426555585661,5139.553,0.646,0.026,2.548,2.522,52.99,26.53,43.93,21.63,1935.0,3.0,2589.18,13.0,"['READ', 'WRITE']","[[8.75562761 7.88588914]
 [6.58834148 7.10338772]
 [7.57182547 7.45533339]
 [6.09389666 6.95450465]
 [8.01072254 7.54838391]
 [4.28886185 5.1079799 ]
 [6.925974   7.21382117]
 [7.28386792 7.37181648]
 [6.37101756 6.98236564]
 [8.31498706 7.72906091]
 [5.77829411 6.05537248]
 [7.78320302 7.72681954]]",15.0,0.0,6.75,169,0.912468
optc,aia_951_975,SysClient0968.systemia.com,300.0,1946.0,1902.0,44.0,2.261,0.15754824344506438,4773993.0,30301785.0,1.9767618718753273,5.38908851017257,389.202,0.634,0.025,2.492,2.467,53.11,25.48,44.0,20.82,1902.0,3.0,2587.45,13.0,"['READ', 'WRITE']","[[8.10597894 7.71693725]
 [6.36573595 6.97405434]
 [7.2378106  7.41329362]
 [6.11228804 6.96453801]
 [8.51141907 7.73512937]
 [7.93034237 7.4945524 ]
 [4.82687166 5.36740423]
 [8.78709488 7.99344301]
 [6.59607883 7.08977615]
 [6.91152304 7.19271636]
 [7.47865407 7.24509969]
 [7.60705968 7.58575748]]",15.0,0.0,6.75,173,0.894647
optc,aia_951_975,SysClient0969.systemia.com,300.0,1946.0,1901.0,45.0,2.3124,0.15741701839688474,4755783.0,30211365.0,2.0196826686584606,6.567258244017548,800.259,0.656,0.026,2.534,2.508,52.97,25.6,43.86,20.67,1901.0,3.0,2696.74,13.0,"['READ', 'WRITE']","[[6.54705183 7.06667989]
 [7.79430027 7.62050499]
 [8.40893483 7.84628904]
 [7.29013223 7.50198964]
 [6.08438888 6.952395  ]
 [7.07540026 7.21918682]
 [4.85331825 5.71809245]
 [6.79006966 7.19282065]
 [7.62610972 7.32963345]
 [8.13951065 7.59098609]
 [8.7945917  7.9136581 ]
 [6.36987423 6.97978956]]",15.0,0.0,6.75,172,0.897926
optc,aia_951_975,SysClient0970.systemia.com,300.0,1946.0,1935.0,11.0,0.5653,0.15829294497014937,4873385.0,30787127.0,2.8979837839614593,52.48445902137204,5457.914,0.678,0.026,2.628,2.602,53.04,26.49,44.1,21.66,1935.0,3.0,2657.0,13.0,"['READ', 'WRITE']","[[6.33575298 7.00216049]
 [7.90114488 7.57982311]
 [7.53569239 7.51537408]
 [2.39789527 2.77258872]
 [8.73475745 7.88724439]
 [6.69817152 7.1509013 ]
 [4.77068462 5.59734398]
 [6.51015407 7.02665648]
 [8.32785552 7.68467404]
 [7.26760163 7.32335868]
 [6.94861071 7.23732907]
 [6.10193905 6.96384219]]",15.0,0.0,6.75,178,0.927604
optc,aia_951_975,SysClient0971.systemia.com,300.0,1946.0,1774.0,172.0,8.8386,0.1617919802236482,4680365.0,28928288.0,1.9055774301790842,5.289843782396003,648.352,0.624,0.025,2.468,2.443,54.36,26.37,45.0,21.44,1774.0,3.0,2525.25,13.0,"['READ', 'WRITE']","[[7.24871318 7.39616442]
 [6.39383591 7.00479244]
 [8.39734194 7.73384358]
 [7.75155854 7.34046131]
 [6.66618907 7.11323619]
 [5.36824181 5.38342077]
 [6.10429099 6.95276932]
 [8.07704395 7.57922338]
 [6.98123291 7.20266715]
 [8.72449407 7.88527268]
 [7.84115896 7.70967183]
 [7.52365863 7.54313635]]",15.0,0.0,6.75,176,0.87462
optc,aia_951_975,SysClient0972.systemia.com,300.0,1946.0,1901.0,45.0,2.3124,0.15834316229345574,4857928.0,30679746.0,2.04313518664745,5.946080853071893,506.234,0.653,0.027,2.529,2.502,53.8,26.5,44.41,21.4,1901.0,3.0,2545.29,13.0,"['READ', 'WRITE']","[[8.7883239  7.94214482]
 [6.58837318 7.05523328]
 [7.77648284 7.67423333]
 [6.12516441 6.96683668]
 [7.5888781  7.38564554]
 [6.37856683 6.98166065]
 [4.17438727 5.09986643]
 [6.86893234 7.17908034]
 [8.1180044  7.64345728]
 [7.20583108 7.42185094]
 [8.44183954 7.83177696]
 [5.5174529  5.77765232]]",15.0,0.0,6.75,174,0.890166
optc,aia_951_975,SysClient0973.systemia.com,300.0,1946.0,1901.0,45.0,2.3124,0.1603245913063916,4845864.0,30225332.0,2.1379146164647302,9.493193443424879,1281.161,0.633,0.024,2.503,2.479,53.0,25.95,44.03,21.05,1901.0,3.0,2612.16,13.0,"['READ', 'WRITE']","[[8.66269454 7.90170931]
 [6.5845661  7.1056027 ]
 [6.08733101 6.93247802]
 [7.28228452 7.43684946]
 [7.90135994 7.68453335]
 [4.29045944 5.18178355]
 [7.60866568 7.4745191 ]
 [6.37202842 6.99495278]
 [6.93463233 7.32427   ]
 [8.24865709 7.65111084]
 [5.77613559 5.96709915]
 [6.85235772 7.06256573]]",15.0,0.0,6.75,168,0.887008
optc,aia_951_975,SysClient0974.systemia.com,300.0,1946.0,1901.0,45.0,2.3124,0.15936476093724533,4950400.0,31063329.0,1.9732340792662777,5.5268838756366065,486.847,0.635,0.025,2.508,2.483,54.47,26.33,44.57,21.05,1901.0,3.0,2595.14,13.0,"['READ', 'WRITE']","[[8.2445343  7.70255363]
 [6.39189261 7.01250949]
 [7.34823285 7.31550435]
 [8.6538714  7.85680102]
 [6.64259936 7.14793721]
 [4.26267988 5.08140436]
 [6.97417888 7.25463755]
 [6.10114543 6.97848635]
 [5.4186126  5.97407177]
 [7.52461602 7.56208466]
 [9.6562434  8.59637399]
 [7.91362408 7.59250122]]",15.0,0.0,6.75,195,0.815772
optc,aia_951_975,SysClient0975.systemia.com,300.0,1946.0,1772.0,174.0,8.9414,0.16108205855364172,4632773.0,28760329.0,1.9092967289785463,5.270633176756258,652.538,0.619,0.024,2.487,2.463,54.1,25.59,44.84,20.72,1772.0,2.0,2593.09,13.0,"['READ', 'WRITE']","[[6.46637823 7.01020367]
 [7.99684348 7.54969747]
 [7.0454149  7.27127504]
 [8.66160991 7.87103444]
 [7.67766158 7.53365483]
 [4.27666612 5.14749448]
 [6.08976999 6.95733268]
 [6.74651504 7.1487535 ]
 [7.34566731 7.39680235]
 [8.23152826 7.7142952 ]
 [5.98020113 6.01729507]
 [6.32388474 6.99283655]]",15.0,0.0,6.75,171,0.881755
